Wavelength,I,Incrament,,Ambient air
433.67,0.40417,0.00005,,
433.67005,0.40386,,,
433.6701,0.40394,,,
433.67015,0.404,,,
433.6702,0.40404,,,
433.67025,0.40404,,,
433.6703,0.4039,,,
433.67035,0.40402,,,
433.6704,0.40402,,,
433.67045,0.40429,,,
433.6705,0.40394,,,
433.67055,0.404,,,
433.6706,0.40392,,,
433.67065,0.40406,,,
433.6707,0.40386,,,
433.67075,0.40404,,,
433.6708,0.40398,,,
433.67085,0.40417,,,
433.6709,0.4041,,,
433.67095,0.40421,,,
433.671,0.40406,,,
433.67105,0.40378,,,
433.6711,0.40396,,,
433.67115,0.4041,,,
433.6712,0.404,,,
433.67125,0.40415,,,
433.6713,0.40388,,,
433.67135,0.40396,,,
433.6714,0.40394,,,
433.67145,0.40419,,,
433.6715,0.40413,,,
433.67155,0.40394,,,
433.6716,0.40394,,,
433.67165,0.404,,,
433.6717,0.40406,,,
433.67175,0.404,,,
433.6718,0.404,,,
433.67185,0.40417,,,
433.6719,0.40417,,,
433.67195,0.40435,,,
433.672,0.40398,,,
433.67205,0.40421,,,
433.6721,0.40402,,,
433.67215,0.40394,,,
433.6722,0.4041,,,
433.67225,0.40413,,,
433.6723,0.40402,,,
433.67235,0.40402,,,
433.6724,0.40402,,,
433.67245,0.40402,,,
433.6725,0.4041,,,
433.67255,0.4039,,,
433.6726,0.40413,,,
433.67265,0.40386,,,
433.6727,0.40435,,,
433.67275,0.40425,,,
433.6728,0.40398,,,
433.67285,0.40413,,,
433.6729,0.40384,,,
433.67295,0.40388,,,
433.673,0.40398,,,
433.67305,0.40404,,,
433.6731,0.40394,,,
433.67315,0.4041,,,
433.6732,0.40386,,,
433.67325,0.40392,,,
433.6733,0.40388,,,
433.67335,0.40427,,,
433.6734,0.40402,,,
433.67345,0.40406,,,
433.6735,0.40408,,,
433.67355,0.40404,,,
433.6736,0.404,,,
433.67365,0.40404,,,
433.6737,0.40388,,,
433.67375,0.40394,,,
433.6738,0.40396,,,
433.67385,0.40386,,,
433.6739,0.40413,,,
433.67395,0.404,,,
433.674,0.40398,,,
433.67405,0.40382,,,
433.6741,0.40392,,,
433.67415,0.40419,,,
433.6742,0.40392,,,
433.67425,0.404,,,
433.6743,0.404,,,
433.67435,0.4041,,,
433.6744,0.404,,,
433.67445,0.40402,,,
433.6745,0.40392,,,
433.67455,0.404,,,
433.6746,0.40394,,,
433.67465,0.4041,,,
433.6747,0.40413,,,
433.67475,0.40413,,,
433.6748,0.40388,,,
433.67485,0.40415,,,
433.6749,0.40413,,,
433.67495,0.40384,,,
433.675,0.40388,,,
433.67505,0.4041,,,
433.6751,0.40406,,,
433.67515,0.40404,,,
433.6752,0.40413,,,
433.67525,0.40392,,,
433.6753,0.4041,,,
433.67535,0.40417,,,
433.6754,0.40404,,,
433.67545,0.40392,,,
433.6755,0.404,,,
433.67555,0.4039,,,
433.6756,0.404,,,
433.67565,0.40386,,,
433.6757,0.40404,,,
433.67575,0.40398,,,
433.6758,0.40419,,,
433.67585,0.40404,,,
433.6759,0.40404,,,
433.67595,0.40398,,,
433.676,0.4039,,,
433.67605,0.40396,,,
433.6761,0.40421,,,
433.67615,0.40417,,,
433.6762,0.40394,,,
433.67625,0.40386,,,
433.6763,0.4039,,,
433.67635,0.40402,,,
433.6764,0.4041,,,
433.67645,0.404,,,
433.6765,0.4041,,,
433.67655,0.4039,,,
433.6766,0.4041,,,
433.67665,0.40382,,,
433.6767,0.40386,,,
433.67675,0.40419,,,
433.6768,0.4039,,,
433.67685,0.40402,,,
433.6769,0.404,,,
433.67695,0.40415,,,
433.677,0.40392,,,
433.67705,0.40408,,,
433.6771,0.40394,,,
433.67715,0.40392,,,
433.6772,0.40378,,,
433.67725,0.40421,,,
433.6773,0.40408,,,
433.67735,0.40388,,,
433.6774,0.40402,,,
433.67745,0.40394,,,
433.6775,0.404,,,
433.67755,0.40396,,,
433.6776,0.40398,,,
433.67765,0.40413,,,
433.6777,0.40396,,,
433.67775,0.40433,,,
433.6778,0.40402,,,
433.67785,0.40413,,,
433.6779,0.404,,,
433.67795,0.40384,,,
433.678,0.404,,,
433.67805,0.40394,,,
433.6781,0.40398,,,
433.67815,0.40396,,,
433.6782,0.4039,,,
433.67825,0.40404,,,
433.6783,0.40415,,,
433.67835,0.40415,,,
433.6784,0.40398,,,
433.67845,0.40386,,,
433.6785,0.40415,,,
433.67855,0.40388,,,
433.6786,0.40384,,,
433.67865,0.40394,,,
433.6787,0.40413,,,
433.67875,0.404,,,
433.6788,0.40384,,,
433.67885,0.40396,,,
433.6789,0.40419,,,
433.67895,0.40425,,,
433.679,0.40392,,,
433.67905,0.4041,,,
433.6791,0.40402,,,
433.67915,0.40415,,,
433.6792,0.40427,,,
433.67925,0.40396,,,
433.6793,0.40408,,,
433.67935,0.40417,,,
433.6794,0.40394,,,
433.67945,0.40406,,,
433.6795,0.4041,,,
433.67955,0.40396,,,
433.6796,0.4039,,,
433.67965,0.40415,,,
433.6797,0.40398,,,
433.67975,0.40404,,,
433.6798,0.4041,,,
433.67985,0.40408,,,
433.6799,0.40402,,,
433.67995,0.40392,,,
433.68,0.40396,,,
433.68005,0.40392,,,
433.6801,0.40419,,,
433.68015,0.40406,,,
433.6802,0.40406,,,
433.68025,0.40396,,,
433.6803,0.4041,,,
433.68035,0.40402,,,
433.6804,0.40396,,,
433.68045,0.40396,,,
433.6805,0.40408,,,
433.68055,0.40406,,,
433.6806,0.40406,,,
433.68065,0.40396,,,
433.6807,0.40404,,,
433.68075,0.40427,,,
433.6808,0.40396,,,
433.68085,0.40402,,,
433.6809,0.4039,,,
433.68095,0.40406,,,
433.681,0.40402,,,
433.68105,0.40396,,,
433.6811,0.40417,,,
433.68115,0.40419,,,
433.6812,0.40404,,,
433.68125,0.40406,,,
433.6813,0.40406,,,
433.68135,0.40417,,,
433.6814,0.40406,,,
433.68145,0.404,,,
433.6815,0.40423,,,
433.68155,0.40404,,,
433.6816,0.40415,,,
433.68165,0.40419,,,
433.6817,0.40394,,,
433.68175,0.40408,,,
433.6818,0.4041,,,
433.68185,0.40408,,,
433.6819,0.40394,,,
433.68195,0.40392,,,
433.682,0.40406,,,
433.68205,0.40408,,,
433.6821,0.40396,,,
433.68215,0.40398,,,
433.6822,0.40429,,,
433.68225,0.40423,,,
433.6823,0.40406,,,
433.68235,0.40415,,,
433.6824,0.40421,,,
433.68245,0.4041,,,
433.6825,0.40408,,,
433.68255,0.40415,,,
433.6826,0.40384,,,
433.68265,0.40406,,,
433.6827,0.40382,,,
433.68275,0.40406,,,
433.6828,0.404,,,
433.68285,0.40392,,,
433.6829,0.40388,,,
433.68295,0.40425,,,
433.683,0.40392,,,
433.68305,0.40392,,,
433.6831,0.40402,,,
433.68315,0.4041,,,
433.6832,0.40404,,,
433.68325,0.40404,,,
433.6833,0.40408,,,
433.68335,0.404,,,
433.6834,0.40419,,,
433.68345,0.40415,,,
433.6835,0.40402,,,
433.68355,0.40404,,,
433.6836,0.40421,,,
433.68365,0.40419,,,
433.6837,0.40406,,,
433.68375,0.40408,,,
433.6838,0.40402,,,
433.68385,0.40406,,,
433.6839,0.40398,,,
433.68395,0.40417,,,
433.684,0.40408,,,
433.68405,0.40394,,,
433.6841,0.40402,,,
433.68415,0.40406,,,
433.6842,0.40408,,,
433.68425,0.40398,,,
433.6843,0.40404,,,
433.68435,0.40419,,,
433.6844,0.40406,,,
433.68445,0.404,,,
433.6845,0.40394,,,
433.68455,0.40388,,,
433.6846,0.40406,,,
433.68465,0.40404,,,
433.6847,0.40429,,,
433.68475,0.40404,,,
433.6848,0.40404,,,
433.68485,0.40398,,,
433.6849,0.40406,,,
433.68495,0.40406,,,
433.685,0.40404,,,
433.68505,0.40413,,,
433.6851,0.40372,,,
433.68515,0.40404,,,
433.6852,0.404,,,
433.68525,0.404,,,
433.6853,0.404,,,
433.68535,0.40396,,,
433.6854,0.40396,,,
433.68545,0.40392,,,
433.6855,0.40419,,,
433.68555,0.40417,,,
433.6856,0.40421,,,
433.68565,0.40415,,,
433.6857,0.40382,,,
433.68575,0.404,,,
433.6858,0.404,,,
433.68585,0.40398,,,
433.6859,0.40402,,,
433.68595,0.40421,,,
433.686,0.4039,,,
433.68605,0.40408,,,
433.6861,0.40398,,,
433.68615,0.40413,,,
433.6862,0.40394,,,
433.68625,0.40402,,,
433.6863,0.40421,,,
433.68635,0.40394,,,
433.6864,0.40396,,,
433.68645,0.40413,,,
433.6865,0.4039,,,
433.68655,0.40415,,,
433.6866,0.40408,,,
433.68665,0.4041,,,
433.6867,0.40398,,,
433.68675,0.40423,,,
433.6868,0.40408,,,
433.68685,0.40441,,,
433.6869,0.404,,,
433.68695,0.4038,,,
433.687,0.4041,,,
433.68705,0.40419,,,
433.6871,0.40435,,,
433.68715,0.40413,,,
433.6872,0.40388,,,
433.68725,0.40398,,,
433.6873,0.40392,,,
433.68735,0.40406,,,
433.6874,0.40415,,,
433.68745,0.40394,,,
433.6875,0.4041,,,
433.68755,0.40402,,,
433.6876,0.40423,,,
433.68765,0.40413,,,
433.6877,0.40408,,,
433.68775,0.40431,,,
433.6878,0.40413,,,
433.68785,0.40406,,,
433.6879,0.40415,,,
433.68795,0.40404,,,
433.688,0.40402,,,
433.68805,0.40435,,,
433.6881,0.40402,,,
433.68815,0.404,,,
433.6882,0.40431,,,
433.68825,0.40406,,,
433.6883,0.40419,,,
433.68835,0.40398,,,
433.6884,0.40408,,,
433.68845,0.4041,,,
433.6885,0.40419,,,
433.68855,0.40382,,,
433.6886,0.40388,,,
433.68865,0.40384,,,
433.6887,0.40413,,,
433.68875,0.40406,,,
433.6888,0.40417,,,
433.68885,0.40404,,,
433.6889,0.40415,,,
433.68895,0.40419,,,
433.689,0.40398,,,
433.68905,0.40402,,,
433.6891,0.40447,,,
433.68915,0.40402,,,
433.6892,0.40402,,,
433.68925,0.40423,,,
433.6893,0.40427,,,
433.68935,0.4039,,,
433.6894,0.40415,,,
433.68945,0.40394,,,
433.6895,0.40417,,,
433.68955,0.40404,,,
433.6896,0.40402,,,
433.68965,0.40417,,,
433.6897,0.40415,,,
433.68975,0.40425,,,
433.6898,0.40415,,,
433.68985,0.40421,,,
433.6899,0.40415,,,
433.68995,0.40406,,,
433.69,0.40423,,,
433.69005,0.40404,,,
433.6901,0.40413,,,
433.69015,0.40408,,,
433.6902,0.40408,,,
433.69025,0.40413,,,
433.6903,0.40396,,,
433.69035,0.404,,,
433.6904,0.40388,,,
433.69045,0.40406,,,
433.6905,0.40408,,,
433.69055,0.40415,,,
433.6906,0.40413,,,
433.69065,0.40413,,,
433.6907,0.404,,,
433.69075,0.40423,,,
433.6908,0.404,,,
433.69085,0.40415,,,
433.6909,0.40406,,,
433.69095,0.40406,,,
433.691,0.40425,,,
433.69105,0.4041,,,
433.6911,0.40406,,,
433.69115,0.40394,,,
433.6912,0.40406,,,
433.69125,0.40394,,,
433.6913,0.40402,,,
433.69135,0.40419,,,
433.6914,0.40402,,,
433.69145,0.40423,,,
433.6915,0.40429,,,
433.69155,0.40417,,,
433.6916,0.40402,,,
433.69165,0.40427,,,
433.6917,0.40423,,,
433.69175,0.40388,,,
433.6918,0.40396,,,
433.69185,0.40408,,,
433.6919,0.40406,,,
433.69195,0.404,,,
433.692,0.40408,,,
433.69205,0.40402,,,
433.6921,0.40394,,,
433.69215,0.40413,,,
433.6922,0.40398,,,
433.69225,0.4039,,,
433.6923,0.40398,,,
433.69235,0.40417,,,
433.6924,0.40392,,,
433.69245,0.4041,,,
433.6925,0.40431,,,
433.69255,0.40415,,,
433.6926,0.40415,,,
433.69265,0.40413,,,
433.6927,0.40404,,,
433.69275,0.40404,,,
433.6928,0.40404,,,
433.69285,0.4041,,,
433.6929,0.40392,,,
433.69295,0.40429,,,
433.693,0.40396,,,
433.69305,0.4039,,,
433.6931,0.40431,,,
433.69315,0.40435,,,
433.6932,0.40425,,,
433.69325,0.40425,,,
433.6933,0.40429,,,
433.69335,0.404,,,
433.6934,0.40421,,,
433.69345,0.404,,,
433.6935,0.40394,,,
433.69355,0.40423,,,
433.6936,0.40404,,,
433.69365,0.40419,,,
433.6937,0.40404,,,
433.69375,0.40408,,,
433.6938,0.40417,,,
433.69385,0.40394,,,
433.6939,0.40398,,,
433.69395,0.40402,,,
433.694,0.40406,,,
433.69405,0.40419,,,
433.6941,0.40406,,,
433.69415,0.40408,,,
433.6942,0.40394,,,
433.69425,0.40417,,,
433.6943,0.40404,,,
433.69435,0.40408,,,
433.6944,0.40417,,,
433.69445,0.40417,,,
433.6945,0.40404,,,
433.69455,0.40402,,,
433.6946,0.40417,,,
433.69465,0.40413,,,
433.6947,0.40437,,,
433.69475,0.40408,,,
433.6948,0.40425,,,
433.69485,0.404,,,
433.6949,0.40421,,,
433.69495,0.40417,,,
433.695,0.40415,,,
433.69505,0.40406,,,
433.6951,0.40423,,,
433.69515,0.40408,,,
433.6952,0.40408,,,
433.69525,0.40408,,,
433.6953,0.40402,,,
433.69535,0.40406,,,
433.6954,0.40394,,,
433.69545,0.40404,,,
433.6955,0.40408,,,
433.69555,0.40423,,,
433.6956,0.4039,,,
433.69565,0.404,,,
433.6957,0.40406,,,
433.69575,0.40413,,,
433.6958,0.40392,,,
433.69585,0.40406,,,
433.6959,0.4041,,,
433.69595,0.40392,,,
433.696,0.40408,,,
433.69605,0.40423,,,
433.6961,0.40404,,,
433.69615,0.40382,,,
433.6962,0.40413,,,
433.69625,0.404,,,
433.6963,0.40392,,,
433.69635,0.40394,,,
433.6964,0.40431,,,
433.69645,0.40398,,,
433.6965,0.40388,,,
433.69655,0.40394,,,
433.6966,0.404,,,
433.69665,0.40398,,,
433.6967,0.40431,,,
433.69675,0.40421,,,
433.6968,0.404,,,
433.69685,0.40406,,,
433.6969,0.404,,,
433.69695,0.40406,,,
433.697,0.40413,,,
433.69705,0.4038,,,
433.6971,0.40417,,,
433.69715,0.4041,,,
433.6972,0.40398,,,
433.69725,0.40398,,,
433.6973,0.40435,,,
433.69735,0.40396,,,
433.6974,0.404,,,
433.69745,0.40421,,,
433.6975,0.40398,,,
433.69755,0.40402,,,
433.6976,0.40419,,,
433.69765,0.40406,,,
433.6977,0.40402,,,
433.69775,0.40417,,,
433.6978,0.40404,,,
433.69785,0.40415,,,
433.6979,0.40406,,,
433.69795,0.404,,,
433.698,0.40406,,,
433.69805,0.4041,,,
433.6981,0.40406,,,
433.69815,0.40408,,,
433.6982,0.4041,,,
433.69825,0.40398,,,
433.6983,0.40441,,,
433.69835,0.40406,,,
433.6984,0.40402,,,
433.69845,0.40404,,,
433.6985,0.40394,,,
433.69855,0.4041,,,
433.6986,0.40423,,,
433.69865,0.404,,,
433.6987,0.40435,,,
433.69875,0.40419,,,
433.6988,0.4041,,,
433.69885,0.40417,,,
433.6989,0.40406,,,
433.69895,0.40431,,,
433.699,0.40392,,,
433.69905,0.40408,,,
433.6991,0.4039,,,
433.69915,0.40445,,,
433.6992,0.40435,,,
433.69925,0.40435,,,
433.6993,0.40427,,,
433.69935,0.40417,,,
433.6994,0.40398,,,
433.69945,0.40394,,,
433.6995,0.40437,,,
433.69955,0.40415,,,
433.6996,0.40415,,,
433.69965,0.40392,,,
433.6997,0.40408,,,
433.69975,0.40439,,,
433.6998,0.4041,,,
433.69985,0.40413,,,
433.6999,0.404,,,
433.69995,0.40406,,,
433.7,0.40443,,,
433.70005,0.40408,,,
433.7001,0.40392,,,
433.70015,0.40404,,,
433.7002,0.40431,,,
433.70025,0.40419,,,
433.7003,0.40421,,,
433.70035,0.40427,,,
433.7004,0.40437,,,
433.70045,0.40417,,,
433.7005,0.40433,,,
433.70055,0.40398,,,
433.7006,0.40396,,,
433.70065,0.40394,,,
433.7007,0.40431,,,
433.70075,0.4041,,,
433.7008,0.40406,,,
433.70085,0.40398,,,
433.7009,0.40435,,,
433.70095,0.4039,,,
433.701,0.40425,,,
433.70105,0.40406,,,
433.7011,0.404,,,
433.70115,0.404,,,
433.7012,0.40408,,,
433.70125,0.4041,,,
433.7013,0.40415,,,
433.70135,0.40404,,,
433.7014,0.40417,,,
433.70145,0.40421,,,
433.7015,0.40427,,,
433.70155,0.40413,,,
433.7016,0.40415,,,
433.70165,0.40413,,,
433.7017,0.40415,,,
433.70175,0.40402,,,
433.7018,0.40419,,,
433.70185,0.40408,,,
433.7019,0.40408,,,
433.70195,0.40425,,,
433.702,0.40417,,,
433.70205,0.40398,,,
433.7021,0.40427,,,
433.70215,0.40408,,,
433.7022,0.40398,,,
433.70225,0.40404,,,
433.7023,0.40419,,,
433.70235,0.404,,,
433.7024,0.40431,,,
433.70245,0.40427,,,
433.7025,0.40413,,,
433.70255,0.40443,,,
433.7026,0.40427,,,
433.70265,0.40437,,,
433.7027,0.40419,,,
433.70275,0.40429,,,
433.7028,0.40392,,,
433.70285,0.40413,,,
433.7029,0.40413,,,
433.70295,0.40433,,,
433.703,0.40398,,,
433.70305,0.40435,,,
433.7031,0.40435,,,
433.70315,0.40439,,,
433.7032,0.40421,,,
433.70325,0.40396,,,
433.7033,0.4041,,,
433.70335,0.40429,,,
433.7034,0.4041,,,
433.70345,0.40421,,,
433.7035,0.40408,,,
433.70355,0.40388,,,
433.7036,0.40408,,,
433.70365,0.40423,,,
433.7037,0.40425,,,
433.70375,0.40415,,,
433.7038,0.40406,,,
433.70385,0.40408,,,
433.7039,0.40396,,,
433.70395,0.40388,,,
433.704,0.40413,,,
433.70405,0.40415,,,
433.7041,0.40443,,,
433.70415,0.40425,,,
433.7042,0.40419,,,
433.70425,0.40408,,,
433.7043,0.40398,,,
433.70435,0.40396,,,
433.7044,0.40453,,,
433.70445,0.40419,,,
433.7045,0.4041,,,
433.70455,0.40427,,,
433.7046,0.40443,,,
433.70465,0.40398,,,
433.7047,0.40408,,,
433.70475,0.40417,,,
433.7048,0.40415,,,
433.70485,0.40433,,,
433.7049,0.40408,,,
433.70495,0.40413,,,
433.705,0.40415,,,
433.70505,0.40396,,,
433.7051,0.40404,,,
433.70515,0.40431,,,
433.7052,0.40415,,,
433.70525,0.40415,,,
433.7053,0.40398,,,
433.70535,0.40398,,,
433.7054,0.4041,,,
433.70545,0.40439,,,
433.7055,0.40427,,,
433.70555,0.404,,,
433.7056,0.40427,,,
433.70565,0.40417,,,
433.7057,0.40425,,,
433.70575,0.40427,,,
433.7058,0.40429,,,
433.70585,0.40419,,,
433.7059,0.404,,,
433.70595,0.40445,,,
433.706,0.40441,,,
433.70605,0.40419,,,
433.7061,0.40427,,,
433.70615,0.40431,,,
433.7062,0.40425,,,
433.70625,0.40415,,,
433.7063,0.40425,,,
433.70635,0.40441,,,
433.7064,0.40408,,,
433.70645,0.40425,,,
433.7065,0.4041,,,
433.70655,0.40427,,,
433.7066,0.40431,,,
433.70665,0.40406,,,
433.7067,0.40419,,,
433.70675,0.40413,,,
433.7068,0.4041,,,
433.70685,0.40419,,,
433.7069,0.40406,,,
433.70695,0.40408,,,
433.707,0.40421,,,
433.70705,0.40406,,,
433.7071,0.40419,,,
433.70715,0.40406,,,
433.7072,0.40427,,,
433.70725,0.40417,,,
433.7073,0.40437,,,
433.70735,0.40415,,,
433.7074,0.40425,,,
433.70745,0.40427,,,
433.7075,0.40427,,,
433.70755,0.40433,,,
433.7076,0.40415,,,
433.70765,0.40429,,,
433.7077,0.40408,,,
433.70775,0.40427,,,
433.7078,0.40408,,,
433.70785,0.40433,,,
433.7079,0.40439,,,
433.70795,0.40419,,,
433.708,0.40443,,,
433.70805,0.40421,,,
433.7081,0.40415,,,
433.70815,0.40421,,,
433.7082,0.40406,,,
433.70825,0.40437,,,
433.7083,0.40425,,,
433.70835,0.40402,,,
433.7084,0.40425,,,
433.70845,0.40415,,,
433.7085,0.40419,,,
433.70855,0.40425,,,
433.7086,0.40413,,,
433.70865,0.40427,,,
433.7087,0.40427,,,
433.70875,0.40421,,,
433.7088,0.40421,,,
433.70885,0.40417,,,
433.7089,0.40406,,,
433.70895,0.40461,,,
433.709,0.40453,,,
433.70905,0.40439,,,
433.7091,0.40429,,,
433.70915,0.40417,,,
433.7092,0.40427,,,
433.70925,0.40419,,,
433.7093,0.40413,,,
433.70935,0.40467,,,
433.7094,0.40431,,,
433.70945,0.40435,,,
433.7095,0.4039,,,
433.70955,0.40427,,,
433.7096,0.40457,,,
433.70965,0.40413,,,
433.7097,0.40431,,,
433.70975,0.40419,,,
433.7098,0.40429,,,
433.70985,0.40413,,,
433.7099,0.40419,,,
433.70995,0.40443,,,
433.71,0.40413,,,
433.71005,0.40453,,,
433.7101,0.40451,,,
433.71015,0.40431,,,
433.7102,0.40388,,,
433.71025,0.40431,,,
433.7103,0.40451,,,
433.71035,0.40427,,,
433.7104,0.40476,,,
433.71045,0.40461,,,
433.7105,0.40421,,,
433.71055,0.404,,,
433.7106,0.40429,,,
433.71065,0.40408,,,
433.7107,0.40429,,,
433.71075,0.40402,,,
433.7108,0.40415,,,
433.71085,0.40433,,,
433.7109,0.40449,,,
433.71095,0.40439,,,
433.711,0.40398,,,
433.71105,0.40457,,,
433.7111,0.40443,,,
433.71115,0.40419,,,
433.7112,0.40408,,,
433.71125,0.40421,,,
433.7113,0.40419,,,
433.71135,0.4041,,,
433.7114,0.40433,,,
433.71145,0.40429,,,
433.7115,0.40439,,,
433.71155,0.40427,,,
433.7116,0.40447,,,
433.71165,0.40435,,,
433.7117,0.40427,,,
433.71175,0.40443,,,
433.7118,0.40459,,,
433.71185,0.40449,,,
433.7119,0.40433,,,
433.71195,0.40404,,,
433.712,0.40463,,,
433.71205,0.4041,,,
433.7121,0.40465,,,
433.71215,0.40431,,,
433.7122,0.40408,,,
433.71225,0.40457,,,
433.7123,0.40437,,,
433.71235,0.40406,,,
433.7124,0.40433,,,
433.71245,0.40417,,,
433.7125,0.40459,,,
433.71255,0.40435,,,
433.7126,0.40433,,,
433.71265,0.40413,,,
433.7127,0.40425,,,
433.71275,0.40449,,,
433.7128,0.40421,,,
433.71285,0.40451,,,
433.7129,0.40451,,,
433.71295,0.40443,,,
433.713,0.40431,,,
433.71305,0.40449,,,
433.7131,0.40427,,,
433.71315,0.40443,,,
433.7132,0.40433,,,
433.71325,0.40435,,,
433.7133,0.40402,,,
433.71335,0.40441,,,
433.7134,0.40443,,,
433.71345,0.40439,,,
433.7135,0.40451,,,
433.71355,0.40441,,,
433.7136,0.40431,,,
433.71365,0.40415,,,
433.7137,0.40431,,,
433.71375,0.40463,,,
433.7138,0.40425,,,
433.71385,0.40421,,,
433.7139,0.40441,,,
433.71395,0.40435,,,
433.714,0.40404,,,
433.71405,0.40443,,,
433.7141,0.40419,,,
433.71415,0.40415,,,
433.7142,0.40453,,,
433.71425,0.40441,,,
433.7143,0.40451,,,
433.71435,0.40423,,,
433.7144,0.40445,,,
433.71445,0.4041,,,
433.7145,0.40433,,,
433.71455,0.40425,,,
433.7146,0.40419,,,
433.71465,0.40447,,,
433.7147,0.40441,,,
433.71475,0.40429,,,
433.7148,0.40423,,,
433.71485,0.40425,,,
433.7149,0.40435,,,
433.71495,0.40445,,,
433.715,0.40429,,,
433.71505,0.40455,,,
433.7151,0.40437,,,
433.71515,0.40413,,,
433.7152,0.40431,,,
433.71525,0.40461,,,
433.7153,0.40439,,,
433.71535,0.40423,,,
433.7154,0.40447,,,
433.71545,0.40415,,,
433.7155,0.40415,,,
433.71555,0.40433,,,
433.7156,0.40429,,,
433.71565,0.40427,,,
433.7157,0.40455,,,
433.71575,0.40457,,,
433.7158,0.40427,,,
433.71585,0.40425,,,
433.7159,0.40429,,,
433.71595,0.40443,,,
433.716,0.40429,,,
433.71605,0.40425,,,
433.7161,0.40439,,,
433.71615,0.40465,,,
433.7162,0.40443,,,
433.71625,0.40439,,,
433.7163,0.40469,,,
433.71635,0.40419,,,
433.7164,0.40439,,,
433.71645,0.40433,,,
433.7165,0.40419,,,
433.71655,0.40441,,,
433.7166,0.40431,,,
433.71665,0.40439,,,
433.7167,0.40417,,,
433.71675,0.40404,,,
433.7168,0.40445,,,
433.71685,0.40441,,,
433.7169,0.40406,,,
433.71695,0.40435,,,
433.717,0.4041,,,
433.71705,0.40421,,,
433.7171,0.40441,,,
433.71715,0.40439,,,
433.7172,0.40423,,,
433.71725,0.40459,,,
433.7173,0.40415,,,
433.71735,0.4041,,,
433.7174,0.40413,,,
433.71745,0.40427,,,
433.7175,0.40447,,,
433.71755,0.40402,,,
433.7176,0.40427,,,
433.71765,0.40419,,,
433.7177,0.4041,,,
433.71775,0.40431,,,
433.7178,0.40425,,,
433.71785,0.40449,,,
433.7179,0.40425,,,
433.71795,0.40443,,,
433.718,0.40429,,,
433.71805,0.40435,,,
433.7181,0.40435,,,
433.71815,0.40423,,,
433.7182,0.40474,,,
433.71825,0.40417,,,
433.7183,0.40425,,,
433.71835,0.40455,,,
433.7184,0.40419,,,
433.71845,0.40435,,,
433.7185,0.40465,,,
433.71855,0.40429,,,
433.7186,0.40423,,,
433.71865,0.4041,,,
433.7187,0.40431,,,
433.71875,0.40419,,,
433.7188,0.40427,,,
433.71885,0.40431,,,
433.7189,0.40425,,,
433.71895,0.40402,,,
433.719,0.40421,,,
433.71905,0.40435,,,
433.7191,0.40439,,,
433.71915,0.40435,,,
433.7192,0.40439,,,
433.71925,0.40421,,,
433.7193,0.40437,,,
433.71935,0.40441,,,
433.7194,0.40408,,,
433.71945,0.40463,,,
433.7195,0.40402,,,
433.71955,0.40433,,,
433.7196,0.40402,,,
433.71965,0.40433,,,
433.7197,0.40433,,,
433.71975,0.40437,,,
433.7198,0.40435,,,
433.71985,0.40425,,,
433.7199,0.40433,,,
433.71995,0.40421,,,
433.72,0.40431,,,
433.72005,0.4041,,,
433.7201,0.40455,,,
433.72015,0.40415,,,
433.7202,0.40451,,,
433.72025,0.40415,,,
433.7203,0.40419,,,
433.72035,0.40441,,,
433.7204,0.40453,,,
433.72045,0.40443,,,
433.7205,0.40419,,,
433.72055,0.40419,,,
433.7206,0.40402,,,
433.72065,0.40425,,,
433.7207,0.40419,,,
433.72075,0.40429,,,
433.7208,0.40451,,,
433.72085,0.40443,,,
433.7209,0.40435,,,
433.72095,0.40421,,,
433.721,0.40443,,,
433.72105,0.40439,,,
433.7211,0.40439,,,
433.72115,0.40419,,,
433.7212,0.40419,,,
433.72125,0.40461,,,
433.7213,0.40413,,,
433.72135,0.40461,,,
433.7214,0.40447,,,
433.72145,0.40417,,,
433.7215,0.40433,,,
433.72155,0.40423,,,
433.7216,0.40425,,,
433.72165,0.40396,,,
433.7217,0.40413,,,
433.72175,0.40427,,,
433.7218,0.40437,,,
433.72185,0.40445,,,
433.7219,0.40415,,,
433.72195,0.40396,,,
433.722,0.40406,,,
433.72205,0.40459,,,
433.7221,0.40433,,,
433.72215,0.40423,,,
433.7222,0.40404,,,
433.72225,0.40441,,,
433.7223,0.40419,,,
433.72235,0.40441,,,
433.7224,0.40429,,,
433.72245,0.40423,,,
433.7225,0.40435,,,
433.72255,0.40406,,,
433.7226,0.40396,,,
433.72265,0.40419,,,
433.7227,0.40429,,,
433.72275,0.40413,,,
433.7228,0.40417,,,
433.72285,0.40413,,,
433.7229,0.40429,,,
433.72295,0.40415,,,
433.723,0.40402,,,
433.72305,0.40435,,,
433.7231,0.40429,,,
433.72315,0.40429,,,
433.7232,0.40433,,,
433.72325,0.40429,,,
433.7233,0.40431,,,
433.72335,0.40431,,,
433.7234,0.40425,,,
433.72345,0.40427,,,
433.7235,0.40421,,,
433.72355,0.40427,,,
433.7236,0.40415,,,
433.72365,0.40423,,,
433.7237,0.40398,,,
433.72375,0.40419,,,
433.7238,0.40398,,,
433.72385,0.40427,,,
433.7239,0.40431,,,
433.72395,0.40427,,,
433.724,0.40406,,,
433.72405,0.4041,,,
433.7241,0.40431,,,
433.72415,0.40415,,,
433.7242,0.40419,,,
433.72425,0.40423,,,
433.7243,0.40415,,,
433.72435,0.40415,,,
433.7244,0.40451,,,
433.72445,0.40415,,,
433.7245,0.40423,,,
433.72455,0.40392,,,
433.7246,0.40415,,,
433.72465,0.40427,,,
433.7247,0.40408,,,
433.72475,0.40413,,,
433.7248,0.4041,,,
433.72485,0.40429,,,
433.7249,0.40406,,,
433.72495,0.40406,,,
433.725,0.40402,,,
433.72505,0.40419,,,
433.7251,0.40417,,,
433.72515,0.40404,,,
433.7252,0.40437,,,
433.72525,0.40394,,,
433.7253,0.40431,,,
433.72535,0.40425,,,
433.7254,0.40423,,,
433.72545,0.40408,,,
433.7255,0.40413,,,
433.72555,0.40408,,,
433.7256,0.40415,,,
433.72565,0.40402,,,
433.7257,0.40437,,,
433.72575,0.40419,,,
433.7258,0.40421,,,
433.72585,0.40419,,,
433.7259,0.40413,,,
433.72595,0.404,,,
433.726,0.40408,,,
433.72605,0.40402,,,
433.7261,0.40406,,,
433.72615,0.40417,,,
433.7262,0.40417,,,
433.72625,0.40394,,,
433.7263,0.40429,,,
433.72635,0.40408,,,
433.7264,0.40413,,,
433.72645,0.40427,,,
433.7265,0.40408,,,
433.72655,0.40423,,,
433.7266,0.40406,,,
433.72665,0.40413,,,
433.7267,0.40433,,,
433.72675,0.40396,,,
433.7268,0.404,,,
433.72685,0.40396,,,
433.7269,0.40404,,,
433.72695,0.40408,,,
433.727,0.40413,,,
433.72705,0.40433,,,
433.7271,0.40398,,,
433.72715,0.40396,,,
433.7272,0.40415,,,
433.72725,0.40445,,,
433.7273,0.40404,,,
433.72735,0.40402,,,
433.7274,0.4041,,,
433.72745,0.4041,,,
433.7275,0.40429,,,
433.72755,0.40413,,,
433.7276,0.40439,,,
433.72765,0.40429,,,
433.7277,0.40408,,,
433.72775,0.40431,,,
433.7278,0.40392,,,
433.72785,0.40421,,,
433.7279,0.40433,,,
433.72795,0.404,,,
433.728,0.40382,,,
433.72805,0.40406,,,
433.7281,0.40415,,,
433.72815,0.40398,,,
433.7282,0.40386,,,
433.72825,0.40413,,,
433.7283,0.404,,,
433.72835,0.40415,,,
433.7284,0.40392,,,
433.72845,0.40408,,,
433.7285,0.40413,,,
433.72855,0.40413,,,
433.7286,0.40408,,,
433.72865,0.40429,,,
433.7287,0.40427,,,
433.72875,0.4041,,,
433.7288,0.40419,,,
433.72885,0.40406,,,
433.7289,0.40408,,,
433.72895,0.4041,,,
433.729,0.404,,,
433.72905,0.40404,,,
433.7291,0.40394,,,
433.72915,0.40398,,,
433.7292,0.40404,,,
433.72925,0.40388,,,
433.7293,0.40406,,,
433.72935,0.40415,,,
433.7294,0.40408,,,
433.72945,0.40398,,,
433.7295,0.4039,,,
433.72955,0.40402,,,
433.7296,0.40398,,,
433.72965,0.40415,,,
433.7297,0.40413,,,
433.72975,0.40423,,,
433.7298,0.40415,,,
433.72985,0.40415,,,
433.7299,0.40425,,,
433.72995,0.40392,,,
433.73,0.40402,,,
433.73005,0.40406,,,
433.7301,0.40419,,,
433.73015,0.40406,,,
433.7302,0.40396,,,
433.73025,0.40392,,,
433.7303,0.40417,,,
433.73035,0.40378,,,
433.7304,0.40427,,,
433.73045,0.40421,,,
433.7305,0.40421,,,
433.73055,0.40394,,,
433.7306,0.40419,,,
433.73065,0.40413,,,
433.7307,0.40396,,,
433.73075,0.40398,,,
433.7308,0.40402,,,
433.73085,0.40396,,,
433.7309,0.40413,,,
433.73095,0.40398,,,
433.731,0.404,,,
433.73105,0.404,,,
433.7311,0.40419,,,
433.73115,0.40417,,,
433.7312,0.4041,,,
433.73125,0.40427,,,
433.7313,0.40423,,,
433.73135,0.40402,,,
433.7314,0.40413,,,
433.73145,0.40406,,,
433.7315,0.40417,,,
433.73155,0.4039,,,
433.7316,0.40419,,,
433.73165,0.40402,,,
433.7317,0.40386,,,
433.73175,0.40408,,,
433.7318,0.40392,,,
433.73185,0.40402,,,
433.7319,0.40408,,,
433.73195,0.40398,,,
433.732,0.40406,,,
433.73205,0.40406,,,
433.7321,0.40435,,,
433.73215,0.40417,,,
433.7322,0.40402,,,
433.73225,0.40402,,,
433.7323,0.40402,,,
433.73235,0.40388,,,
433.7324,0.404,,,
433.73245,0.4041,,,
433.7325,0.40413,,,
433.73255,0.40404,,,
433.7326,0.40396,,,
433.73265,0.40423,,,
433.7327,0.40386,,,
433.73275,0.40408,,,
433.7328,0.40394,,,
433.73285,0.40388,,,
433.7329,0.40404,,,
433.73295,0.40415,,,
433.733,0.40404,,,
433.73305,0.4041,,,
433.7331,0.4039,,,
433.73315,0.4041,,,
433.7332,0.404,,,
433.73325,0.40384,,,
433.7333,0.40417,,,
433.73335,0.40396,,,
433.7334,0.40404,,,
433.73345,0.40384,,,
433.7335,0.40413,,,
433.73355,0.40413,,,
433.7336,0.4041,,,
433.73365,0.404,,,
433.7337,0.40398,,,
433.73375,0.40398,,,
433.7338,0.4039,,,
433.73385,0.40394,,,
433.7339,0.4038,,,
433.73395,0.40392,,,
433.734,0.40398,,,
433.73405,0.40402,,,
433.7341,0.4039,,,
433.73415,0.40413,,,
433.7342,0.40386,,,
433.73425,0.40398,,,
433.7343,0.40398,,,
433.73435,0.40404,,,
433.7344,0.4039,,,
433.73445,0.40396,,,
433.7345,0.4038,,,
433.73455,0.4039,,,
433.7346,0.40398,,,
433.73465,0.40408,,,
433.7347,0.40392,,,
433.73475,0.4041,,,
433.7348,0.40392,,,
433.73485,0.40392,,,
433.7349,0.40402,,,
433.73495,0.40402,,,
433.735,0.40376,,,
433.73505,0.40388,,,
433.7351,0.40394,,,
433.73515,0.40402,,,
433.7352,0.40386,,,
433.73525,0.40388,,,
433.7353,0.40388,,,
433.73535,0.40394,,,
433.7354,0.40384,,,
433.73545,0.40384,,,
433.7355,0.404,,,
433.73555,0.40394,,,
433.7356,0.40396,,,
433.73565,0.40423,,,
433.7357,0.40404,,,
433.73575,0.40406,,,
433.7358,0.40396,,,
433.73585,0.40415,,,
433.7359,0.40402,,,
433.73595,0.40413,,,
433.736,0.40402,,,
433.73605,0.40404,,,
433.7361,0.40421,,,
433.73615,0.40394,,,
433.7362,0.4039,,,
433.73625,0.40392,,,
433.7363,0.404,,,
433.73635,0.40396,,,
433.7364,0.40394,,,
433.73645,0.4041,,,
433.7365,0.40402,,,
433.73655,0.40406,,,
433.7366,0.40398,,,
433.73665,0.40427,,,
433.7367,0.40396,,,
433.73675,0.40404,,,
433.7368,0.40402,,,
433.73685,0.40404,,,
433.7369,0.40408,,,
433.73695,0.40388,,,
433.737,0.4039,,,
433.73705,0.40396,,,
433.7371,0.40408,,,
433.73715,0.40404,,,
433.7372,0.4039,,,
433.73725,0.40402,,,
433.7373,0.40404,,,
433.73735,0.40386,,,
433.7374,0.40398,,,
433.73745,0.40394,,,
433.7375,0.40392,,,
433.73755,0.40398,,,
433.7376,0.404,,,
433.73765,0.4041,,,
433.7377,0.40402,,,
433.73775,0.40378,,,
433.7378,0.40406,,,
433.73785,0.40396,,,
433.7379,0.4039,,,
433.73795,0.40392,,,
433.738,0.404,,,
433.73805,0.40404,,,
433.7381,0.40413,,,
433.73815,0.40427,,,
433.7382,0.40388,,,
433.73825,0.40404,,,
433.7383,0.40404,,,
433.73835,0.40392,,,
433.7384,0.40402,,,
433.73845,0.40392,,,
433.7385,0.40406,,,
433.73855,0.40402,,,
433.7386,0.404,,,
433.73865,0.4038,,,
433.7387,0.40408,,,
433.73875,0.40402,,,
433.7388,0.4041,,,
433.73885,0.40406,,,
433.7389,0.40394,,,
433.73895,0.4041,,,
433.739,0.404,,,
433.73905,0.404,,,
433.7391,0.40388,,,
433.73915,0.40392,,,
433.7392,0.4039,,,
433.73925,0.40406,,,
433.7393,0.40378,,,
433.73935,0.40406,,,
433.7394,0.4039,,,
433.73945,0.40415,,,
433.7395,0.40415,,,
433.73955,0.40388,,,
433.7396,0.40406,,,
433.73965,0.40408,,,
433.7397,0.4039,,,
433.73975,0.40392,,,
433.7398,0.4041,,,
433.73985,0.40392,,,
433.7399,0.40394,,,
433.73995,0.4039,,,
433.74,0.404,,,
433.74005,0.40394,,,
433.7401,0.4041,,,
433.74015,0.404,,,
433.7402,0.40396,,,
433.74025,0.40419,,,
433.7403,0.40429,,,
433.74035,0.40415,,,
433.7404,0.40406,,,
433.74045,0.40404,,,
433.7405,0.40413,,,
433.74055,0.40398,,,
433.7406,0.40406,,,
433.74065,0.4041,,,
433.7407,0.40386,,,
433.74075,0.40402,,,
433.7408,0.4041,,,
433.74085,0.404,,,
433.7409,0.40417,,,
433.74095,0.40388,,,
433.741,0.404,,,
433.74105,0.40388,,,
433.7411,0.40427,,,
433.74115,0.40408,,,
433.7412,0.40392,,,
433.74125,0.40384,,,
433.7413,0.40429,,,
433.74135,0.40402,,,
433.7414,0.40404,,,
433.74145,0.40388,,,
433.7415,0.40394,,,
433.74155,0.40408,,,
433.7416,0.40406,,,
433.74165,0.404,,,
433.7417,0.4041,,,
433.74175,0.404,,,
433.7418,0.4041,,,
433.74185,0.40406,,,
433.7419,0.40388,,,
433.74195,0.40421,,,
433.742,0.40404,,,
433.74205,0.40394,,,
433.7421,0.40429,,,
433.74215,0.40408,,,
433.7422,0.40404,,,
433.74225,0.40415,,,
433.7423,0.40394,,,
433.74235,0.40408,,,
433.7424,0.4041,,,
433.74245,0.40392,,,
433.7425,0.404,,,
433.74255,0.40406,,,
433.7426,0.40421,,,
433.74265,0.40406,,,
433.7427,0.40404,,,
433.74275,0.40406,,,
433.7428,0.40408,,,
433.74285,0.40396,,,
433.7429,0.40402,,,
433.74295,0.40384,,,
433.743,0.40384,,,
433.74305,0.40402,,,
433.7431,0.4039,,,
433.74315,0.40408,,,
433.7432,0.40415,,,
433.74325,0.40386,,,
433.7433,0.40402,,,
433.74335,0.40398,,,
433.7434,0.40406,,,
433.74345,0.40413,,,
433.7435,0.40402,,,
433.74355,0.4041,,,
433.7436,0.40402,,,
433.74365,0.404,,,
433.7437,0.4039,,,
433.74375,0.40382,,,
433.7438,0.40386,,,
433.74385,0.40388,,,
433.7439,0.40396,,,
433.74395,0.40398,,,
433.744,0.40386,,,
433.74405,0.40413,,,
433.7441,0.40402,,,
433.74415,0.40396,,,
433.7442,0.40408,,,
433.74425,0.40388,,,
433.7443,0.404,,,
433.74435,0.40402,,,
433.7444,0.40392,,,
433.74445,0.40394,,,
433.7445,0.40421,,,
433.74455,0.40408,,,
433.7446,0.40402,,,
433.74465,0.40402,,,
433.7447,0.40402,,,
433.74475,0.40404,,,
433.7448,0.40392,,,
433.74485,0.40392,,,
433.7449,0.40394,,,
433.74495,0.40402,,,
433.745,0.40396,,,
433.74505,0.40402,,,
433.7451,0.4041,,,
433.74515,0.40404,,,
433.7452,0.4041,,,
433.74525,0.40394,,,
433.7453,0.40404,,,
433.74535,0.40394,,,
433.7454,0.4041,,,
433.74545,0.40413,,,
433.7455,0.40406,,,
433.74555,0.40406,,,
433.7456,0.40406,,,
433.74565,0.40382,,,
433.7457,0.4039,,,
433.74575,0.40413,,,
433.7458,0.40388,,,
433.74585,0.40378,,,
433.7459,0.40394,,,
433.74595,0.40394,,,
433.746,0.40413,,,
433.74605,0.40396,,,
433.7461,0.40392,,,
433.74615,0.40398,,,
433.7462,0.4039,,,
433.74625,0.40392,,,
433.7463,0.40396,,,
433.74635,0.40427,,,
433.7464,0.40392,,,
433.74645,0.40404,,,
433.7465,0.4041,,,
433.74655,0.40396,,,
433.7466,0.4041,,,
433.74665,0.404,,,
433.7467,0.404,,,
433.74675,0.40413,,,
433.7468,0.40392,,,
433.74685,0.404,,,
433.7469,0.40396,,,
433.74695,0.40388,,,
433.747,0.40406,,,
433.74705,0.40408,,,
433.7471,0.40398,,,
433.74715,0.404,,,
433.7472,0.404,,,
433.74725,0.40408,,,
433.7473,0.40406,,,
433.74735,0.40396,,,
433.7474,0.40431,,,
433.74745,0.40408,,,
433.7475,0.40392,,,
433.74755,0.40396,,,
433.7476,0.40402,,,
433.74765,0.40394,,,
433.7477,0.40402,,,
433.74775,0.40378,,,
433.7478,0.40382,,,
433.74785,0.40396,,,
433.7479,0.40406,,,
433.74795,0.40404,,,
433.748,0.40402,,,
433.74805,0.40386,,,
433.7481,0.40402,,,
433.74815,0.40408,,,
433.7482,0.40396,,,
433.74825,0.40376,,,
433.7483,0.40406,,,
433.74835,0.40394,,,
433.7484,0.4038,,,
433.74845,0.40394,,,
433.7485,0.40402,,,
433.74855,0.40388,,,
433.7486,0.40413,,,
433.74865,0.404,,,
433.7487,0.40382,,,
433.74875,0.40417,,,
433.7488,0.40402,,,
433.74885,0.40406,,,
433.7489,0.4038,,,
433.74895,0.40392,,,
433.749,0.40394,,,
433.74905,0.40394,,,
433.7491,0.40402,,,
433.74915,0.40372,,,
433.7492,0.40402,,,
433.74925,0.40402,,,
433.7493,0.40402,,,
433.74935,0.40423,,,
433.7494,0.40417,,,
433.74945,0.40388,,,
433.7495,0.4041,,,
433.74955,0.40415,,,
433.7496,0.40406,,,
433.74965,0.40402,,,
433.7497,0.404,,,
433.74975,0.4039,,,
433.7498,0.40396,,,
433.74985,0.4038,,,
433.7499,0.40417,,,
433.74995,0.40388,,,
433.75,0.4039,,,
433.75005,0.40413,,,
433.7501,0.40396,,,
433.75015,0.40388,,,
433.7502,0.4039,,,
433.75025,0.40396,,,
433.7503,0.40388,,,
433.75035,0.40413,,,
433.7504,0.40408,,,
433.75045,0.40402,,,
433.7505,0.40413,,,
433.75055,0.40402,,,
433.7506,0.40406,,,
433.75065,0.40415,,,
433.7507,0.40408,,,
433.75075,0.40394,,,
433.7508,0.40392,,,
433.75085,0.40396,,,
433.7509,0.40413,,,
433.75095,0.40408,,,
433.751,0.40406,,,
433.75105,0.40402,,,
433.7511,0.404,,,
433.75115,0.40392,,,
433.7512,0.4039,,,
433.75125,0.40386,,,
433.7513,0.40408,,,
433.75135,0.40417,,,
433.7514,0.40404,,,
433.75145,0.40406,,,
433.7515,0.40396,,,
433.75155,0.40388,,,
433.7516,0.40408,,,
433.75165,0.40406,,,
433.7517,0.40394,,,
433.75175,0.40415,,,
433.7518,0.40406,,,
433.75185,0.40398,,,
433.7519,0.40396,,,
433.75195,0.40382,,,
433.752,0.40398,,,
433.75205,0.40398,,,
433.7521,0.40396,,,
433.75215,0.404,,,
433.7522,0.40415,,,
433.75225,0.40386,,,
433.7523,0.40392,,,
433.75235,0.40398,,,
433.7524,0.404,,,
433.75245,0.40408,,,
433.7525,0.40398,,,
433.75255,0.40382,,,
433.7526,0.40382,,,
433.75265,0.404,,,
433.7527,0.40402,,,
433.75275,0.40402,,,
433.7528,0.40417,,,
433.75285,0.40382,,,
433.7529,0.4039,,,
433.75295,0.40392,,,
433.753,0.40404,,,
433.75305,0.40394,,,
433.7531,0.40398,,,
433.75315,0.40421,,,
433.7532,0.404,,,
433.75325,0.40386,,,
433.7533,0.40394,,,
433.75335,0.40404,,,
433.7534,0.40408,,,
433.75345,0.40408,,,
433.7535,0.40376,,,
433.75355,0.40388,,,
433.7536,0.404,,,
433.75365,0.40396,,,
433.7537,0.40388,,,
433.75375,0.40392,,,
433.7538,0.40406,,,
433.75385,0.40404,,,
433.7539,0.40404,,,
433.75395,0.4038,,,
433.754,0.4041,,,
433.75405,0.40408,,,
433.7541,0.40404,,,
433.75415,0.40392,,,
433.7542,0.40408,,,
433.75425,0.40382,,,
433.7543,0.4039,,,
433.75435,0.40386,,,
433.7544,0.40408,,,
433.75445,0.4039,,,
433.7545,0.40413,,,
433.75455,0.40392,,,
433.7546,0.404,,,
433.75465,0.40396,,,
433.7547,0.4039,,,
433.75475,0.40402,,,
433.7548,0.40392,,,
433.75485,0.40392,,,
433.7549,0.40402,,,
433.75495,0.40394,,,
433.755,0.40406,,,
433.75505,0.40408,,,
433.7551,0.40398,,,
433.75515,0.4039,,,
433.7552,0.40388,,,
433.75525,0.40415,,,
433.7553,0.40396,,,
433.75535,0.40425,,,
433.7554,0.4041,,,
433.75545,0.40392,,,
433.7555,0.40384,,,
433.75555,0.40396,,,
433.7556,0.40404,,,
433.75565,0.40382,,,
433.7557,0.40398,,,
433.75575,0.40392,,,
433.7558,0.40396,,,
433.75585,0.40404,,,
433.7559,0.40396,,,
433.75595,0.40413,,,
433.756,0.4038,,,
433.75605,0.404,,,
433.7561,0.40394,,,
433.75615,0.40392,,,
433.7562,0.40396,,,
433.75625,0.40392,,,
433.7563,0.40406,,,
433.75635,0.40396,,,
433.7564,0.4041,,,
433.75645,0.40402,,,
433.7565,0.40404,,,
433.75655,0.40396,,,
433.7566,0.40386,,,
433.75665,0.40388,,,
433.7567,0.40402,,,
433.75675,0.40406,,,
433.7568,0.40392,,,
433.75685,0.4039,,,
433.7569,0.40388,,,
433.75695,0.4039,,,
433.757,0.40413,,,
433.75705,0.40423,,,
433.7571,0.4039,,,
433.75715,0.40406,,,
433.7572,0.40392,,,
433.75725,0.40402,,,
433.7573,0.4039,,,
433.75735,0.40396,,,
433.7574,0.40376,,,
433.75745,0.40394,,,
433.7575,0.40396,,,
433.75755,0.40392,,,
433.7576,0.40378,,,
433.75765,0.40392,,,
433.7577,0.40406,,,
433.75775,0.40398,,,
433.7578,0.404,,,
433.75785,0.40402,,,
433.7579,0.40419,,,
433.75795,0.40398,,,
433.758,0.40394,,,
433.75805,0.40404,,,
433.7581,0.404,,,
433.75815,0.40376,,,
433.7582,0.4038,,,
433.75825,0.40392,,,
433.7583,0.40398,,,
433.75835,0.40396,,,
433.7584,0.40396,,,
433.75845,0.40374,,,
433.7585,0.40408,,,
433.75855,0.40421,,,
433.7586,0.40388,,,
433.75865,0.404,,,
433.7587,0.4039,,,
433.75875,0.404,,,
433.7588,0.404,,,
433.75885,0.404,,,
433.7589,0.40419,,,
433.75895,0.40402,,,
433.759,0.40402,,,
433.75905,0.4038,,,
433.7591,0.40396,,,
433.75915,0.40388,,,
433.7592,0.40392,,,
433.75925,0.40392,,,
433.7593,0.40384,,,
433.75935,0.40388,,,
433.7594,0.40406,,,
433.75945,0.40396,,,
433.7595,0.40404,,,
433.75955,0.40384,,,
433.7596,0.40408,,,
433.75965,0.40408,,,
433.7597,0.4041,,,
433.75975,0.40417,,,
433.7598,0.40396,,,
433.75985,0.40404,,,
433.7599,0.40392,,,
433.75995,0.40413,,,
433.76,0.40398,,,
433.76005,0.404,,,
433.7601,0.40394,,,
433.76015,0.4038,,,
433.7602,0.40396,,,
433.76025,0.40398,,,
433.7603,0.4039,,,
433.76035,0.40386,,,
433.7604,0.40394,,,
433.76045,0.40384,,,
433.7605,0.4039,,,
433.76055,0.40413,,,
433.7606,0.40394,,,
433.76065,0.40402,,,
433.7607,0.40394,,,
433.76075,0.40392,,,
433.7608,0.40392,,,
433.76085,0.40396,,,
433.7609,0.40398,,,
433.76095,0.40417,,,
433.761,0.40388,,,
433.76105,0.4039,,,
433.7611,0.40413,,,
433.76115,0.40398,,,
433.7612,0.40398,,,
433.76125,0.40404,,,
433.7613,0.40394,,,
433.76135,0.40406,,,
433.7614,0.40415,,,
433.76145,0.40406,,,
433.7615,0.40413,,,
433.76155,0.404,,,
433.7616,0.404,,,
433.76165,0.40406,,,
433.7617,0.40402,,,
433.76175,0.40398,,,
433.7618,0.40394,,,
433.76185,0.4041,,,
433.7619,0.40417,,,
433.76195,0.40386,,,
433.762,0.40406,,,
433.76205,0.40421,,,
433.7621,0.4041,,,
433.76215,0.40406,,,
433.7622,0.40394,,,
433.76225,0.40392,,,
433.7623,0.40396,,,
433.76235,0.404,,,
433.7624,0.40394,,,
433.76245,0.4041,,,
433.7625,0.40415,,,
433.76255,0.40396,,,
433.7626,0.40398,,,
433.76265,0.4041,,,
433.7627,0.40394,,,
433.76275,0.40388,,,
433.7628,0.40408,,,
433.76285,0.4038,,,
433.7629,0.40384,,,
433.76295,0.40413,,,
433.763,0.40386,,,
433.76305,0.40396,,,
433.7631,0.40384,,,
433.76315,0.4039,,,
433.7632,0.40394,,,
433.76325,0.40408,,,
433.7633,0.40413,,,
433.76335,0.40404,,,
433.7634,0.40388,,,
433.76345,0.40396,,,
433.7635,0.40388,,,
433.76355,0.40406,,,
433.7636,0.4038,,,
433.76365,0.40398,,,
433.7637,0.40388,,,
433.76375,0.40413,,,
433.7638,0.40408,,,
433.76385,0.40386,,,
433.7639,0.4041,,,
433.76395,0.40392,,,
433.764,0.40402,,,
433.76405,0.4039,,,
433.7641,0.40376,,,
433.76415,0.40394,,,
433.7642,0.4041,,,
433.76425,0.40388,,,
433.7643,0.40388,,,
433.76435,0.40394,,,
433.7644,0.40384,,,
433.76445,0.40396,,,
433.7645,0.40396,,,
433.76455,0.40415,,,
433.7646,0.40406,,,
433.76465,0.40394,,,
433.7647,0.40406,,,
433.76475,0.40376,,,
433.7648,0.404,,,
433.76485,0.40404,,,
433.7649,0.40384,,,
433.76495,0.40386,,,
433.765,0.40402,,,
433.76505,0.40394,,,
433.7651,0.40376,,,
433.76515,0.4041,,,
433.7652,0.404,,,
433.76525,0.40398,,,
433.7653,0.40437,,,
433.76535,0.404,,,
433.7654,0.40406,,,
433.76545,0.40406,,,
433.7655,0.40421,,,
433.76555,0.40392,,,
433.7656,0.40396,,,
433.76565,0.4039,,,
433.7657,0.40425,,,
433.76575,0.404,,,
433.7658,0.40386,,,
433.76585,0.40398,,,
433.7659,0.40398,,,
433.76595,0.404,,,
433.766,0.404,,,
433.76605,0.40415,,,
433.7661,0.40404,,,
433.76615,0.40386,,,
433.7662,0.40404,,,
433.76625,0.40382,,,
433.7663,0.40398,,,
433.76635,0.40384,,,
433.7664,0.40413,,,
433.76645,0.40408,,,
433.7665,0.40396,,,
433.76655,0.40419,,,
433.7666,0.40388,,,
433.76665,0.40392,,,
433.7667,0.4039,,,
433.76675,0.40388,,,
433.7668,0.4039,,,
433.76685,0.40413,,,
433.7669,0.40384,,,
433.76695,0.4039,,,
433.767,0.4038,,,
433.76705,0.40396,,,
433.7671,0.40392,,,
433.76715,0.40394,,,
433.7672,0.40396,,,
433.76725,0.40415,,,
433.7673,0.40376,,,
433.76735,0.4041,,,
433.7674,0.404,,,
433.76745,0.4038,,,
433.7675,0.40404,,,
433.76755,0.404,,,
433.7676,0.40392,,,
433.76765,0.40398,,,
433.7677,0.40388,,,
433.76775,0.40398,,,
433.7678,0.40404,,,
433.76785,0.40398,,,
433.7679,0.40402,,,
433.76795,0.40408,,,
433.768,0.40392,,,
433.76805,0.40402,,,
433.7681,0.40392,,,
433.76815,0.40408,,,
433.7682,0.40415,,,
433.76825,0.40398,,,
433.7683,0.40417,,,
433.76835,0.40396,,,
433.7684,0.4039,,,
433.76845,0.40394,,,
433.7685,0.40392,,,
433.76855,0.40413,,,
433.7686,0.40402,,,
433.76865,0.40419,,,
433.7687,0.4038,,,
433.76875,0.40396,,,
433.7688,0.40388,,,
433.76885,0.4039,,,
433.7689,0.40402,,,
433.76895,0.40398,,,
433.769,0.40404,,,
433.76905,0.40396,,,
433.7691,0.40394,,,
433.76915,0.40402,,,
433.7692,0.40402,,,
433.76925,0.40402,,,
433.7693,0.40392,,,
433.76935,0.404,,,
433.7694,0.40406,,,
433.76945,0.40396,,,
433.7695,0.40406,,,
433.76955,0.40388,,,
433.7696,0.40413,,,
433.76965,0.4041,,,
433.7697,0.40404,,,
433.76975,0.40406,,,
433.7698,0.40396,,,
433.76985,0.4039,,,
433.7699,0.4041,,,
433.76995,0.404,,,
433.77,0.40413,,,
433.77005,0.40394,,,
433.7701,0.40402,,,
433.77015,0.404,,,
433.7702,0.40394,,,
433.77025,0.4039,,,
433.7703,0.40394,,,
433.77035,0.40396,,,
433.7704,0.40402,,,
433.77045,0.40404,,,
433.7705,0.40396,,,
433.77055,0.40425,,,
433.7706,0.40419,,,
433.77065,0.40378,,,
433.7707,0.40398,,,
433.77075,0.404,,,
433.7708,0.404,,,
433.77085,0.40408,,,
433.7709,0.40417,,,
433.77095,0.40415,,,
433.771,0.40394,,,
433.77105,0.40408,,,
433.7711,0.40415,,,
433.77115,0.40396,,,
433.7712,0.40402,,,
433.77125,0.40406,,,
433.7713,0.40398,,,
433.77135,0.40376,,,
433.7714,0.40408,,,
433.77145,0.40398,,,
433.7715,0.40384,,,
433.77155,0.40396,,,
433.7716,0.40408,,,
433.77165,0.4039,,,
433.7717,0.40386,,,
433.77175,0.4039,,,
433.7718,0.4039,,,
433.77185,0.40392,,,
433.7719,0.40392,,,
433.77195,0.40394,,,
433.772,0.40427,,,
433.77205,0.40396,,,
433.7721,0.40396,,,
433.77215,0.40404,,,
433.7722,0.40388,,,
433.77225,0.40398,,,
433.7723,0.40408,,,
433.77235,0.40413,,,
433.7724,0.40388,,,
433.77245,0.4038,,,
433.7725,0.4041,,,
433.77255,0.40394,,,
433.7726,0.40421,,,
433.77265,0.40396,,,
433.7727,0.40388,,,
433.77275,0.40398,,,
433.7728,0.40419,,,
433.77285,0.40396,,,
433.7729,0.40408,,,
433.77295,0.40402,,,
433.773,0.40376,,,
433.77305,0.40406,,,
433.7731,0.4039,,,
433.77315,0.4039,,,
433.7732,0.40388,,,
433.77325,0.40382,,,
433.7733,0.40415,,,
433.77335,0.40408,,,
433.7734,0.40402,,,
433.77345,0.40404,,,
433.7735,0.404,,,
433.77355,0.4038,,,
433.7736,0.40408,,,
433.77365,0.40394,,,
433.7737,0.4039,,,
433.77375,0.40392,,,
433.7738,0.404,,,
433.77385,0.404,,,
433.7739,0.40382,,,
433.77395,0.40398,,,
433.774,0.40398,,,
433.77405,0.40398,,,
433.7741,0.404,,,
433.77415,0.40368,,,
433.7742,0.40402,,,
433.77425,0.40404,,,
433.7743,0.404,,,
433.77435,0.4039,,,
433.7744,0.4039,,,
433.77445,0.404,,,
433.7745,0.40402,,,
433.77455,0.40392,,,
433.7746,0.40396,,,
433.77465,0.4039,,,
433.7747,0.40402,,,
433.77475,0.40423,,,
433.7748,0.40396,,,
433.77485,0.4041,,,
433.7749,0.40386,,,
433.77495,0.40388,,,
433.775,0.404,,,
433.77505,0.40396,,,
433.7751,0.40376,,,
433.77515,0.4041,,,
433.7752,0.4039,,,
433.77525,0.40398,,,
433.7753,0.40392,,,
433.77535,0.404,,,
433.7754,0.40376,,,
433.77545,0.40398,,,
433.7755,0.40398,,,
433.77555,0.40408,,,
433.7756,0.40392,,,
433.77565,0.40408,,,
433.7757,0.40388,,,
433.77575,0.4041,,,
433.7758,0.40413,,,
433.77585,0.40415,,,
433.7759,0.4037,,,
433.77595,0.40413,,,
433.776,0.404,,,
433.77605,0.40388,,,
433.7761,0.40396,,,
433.77615,0.40427,,,
433.7762,0.40425,,,
433.77625,0.40396,,,
433.7763,0.40408,,,
433.77635,0.404,,,
433.7764,0.40404,,,
433.77645,0.40378,,,
433.7765,0.40406,,,
433.77655,0.4039,,,
433.7766,0.40404,,,
433.77665,0.40406,,,
433.7767,0.40386,,,
433.77675,0.40429,,,
433.7768,0.4041,,,
433.77685,0.40413,,,
433.7769,0.40398,,,
433.77695,0.40396,,,
433.777,0.40394,,,
433.77705,0.40406,,,
433.7771,0.404,,,
433.77715,0.40406,,,
433.7772,0.40392,,,
433.77725,0.40402,,,
433.7773,0.40396,,,
433.77735,0.4039,,,
433.7774,0.40398,,,
433.77745,0.40398,,,
433.7775,0.40384,,,
433.77755,0.404,,,
433.7776,0.40404,,,
433.77765,0.4037,,,
433.7777,0.40382,,,
433.77775,0.4039,,,
433.7778,0.40398,,,
433.77785,0.40402,,,
433.7779,0.40394,,,
433.77795,0.40415,,,
433.778,0.40398,,,
433.77805,0.40437,,,
433.7781,0.40419,,,
433.77815,0.40376,,,
433.7782,0.40396,,,
433.77825,0.40378,,,
433.7783,0.40394,,,
433.77835,0.40396,,,
433.7784,0.40392,,,
433.77845,0.40388,,,
433.7785,0.40376,,,
433.77855,0.40417,,,
433.7786,0.40415,,,
433.77865,0.40396,,,
433.7787,0.40408,,,
433.77875,0.40398,,,
433.7788,0.40425,,,
433.77885,0.40392,,,
433.7789,0.40402,,,
433.77895,0.40392,,,
433.779,0.40394,,,
433.77905,0.40392,,,
433.7791,0.4039,,,
433.77915,0.40392,,,
433.7792,0.40398,,,
433.77925,0.40398,,,
433.7793,0.40402,,,
433.77935,0.40386,,,
433.7794,0.4039,,,
433.77945,0.40413,,,
433.7795,0.40388,,,
433.77955,0.40384,,,
433.7796,0.40398,,,
433.77965,0.40408,,,
433.7797,0.40392,,,
433.77975,0.40398,,,
433.7798,0.40394,,,
433.77985,0.40394,,,
433.7799,0.40388,,,
433.77995,0.40376,,,
433.78,0.40396,,,
433.78005,0.40378,,,
433.7801,0.404,,,
433.78015,0.40406,,,
433.7802,0.40378,,,
433.78025,0.40396,,,
433.7803,0.404,,,
433.78035,0.40408,,,
433.7804,0.40394,,,
433.78045,0.40386,,,
433.7805,0.40394,,,
433.78055,0.40413,,,
433.7806,0.40431,,,
433.78065,0.40378,,,
433.7807,0.40392,,,
433.78075,0.40402,,,
433.7808,0.40392,,,
433.78085,0.40396,,,
433.7809,0.40398,,,
433.78095,0.40394,,,
433.781,0.40413,,,
433.78105,0.40396,,,
433.7811,0.4041,,,
433.78115,0.40388,,,
433.7812,0.40396,,,
433.78125,0.40413,,,
433.7813,0.404,,,
433.78135,0.40402,,,
433.7814,0.4039,,,
433.78145,0.40404,,,
433.7815,0.40402,,,
433.78155,0.40384,,,
433.7816,0.40404,,,
433.78165,0.40398,,,
433.7817,0.40398,,,
433.78175,0.40392,,,
433.7818,0.40404,,,
433.78185,0.40419,,,
433.7819,0.40394,,,
433.78195,0.40386,,,
433.782,0.40431,,,
433.78205,0.4041,,,
433.7821,0.40388,,,
433.78215,0.404,,,
433.7822,0.40421,,,
433.78225,0.40402,,,
433.7823,0.40394,,,
433.78235,0.4039,,,
433.7824,0.40406,,,
433.78245,0.40402,,,
433.7825,0.40394,,,
433.78255,0.40388,,,
433.7826,0.40388,,,
433.78265,0.40415,,,
433.7827,0.40384,,,
433.78275,0.40435,,,
433.7828,0.4039,,,
433.78285,0.4041,,,
433.7829,0.40372,,,
433.78295,0.4039,,,
433.783,0.40417,,,
433.78305,0.40406,,,
433.7831,0.4038,,,
433.78315,0.40417,,,
433.7832,0.40402,,,
433.78325,0.40423,,,
433.7833,0.40408,,,
433.78335,0.4041,,,
433.7834,0.40384,,,
433.78345,0.404,,,
433.7835,0.40388,,,
433.78355,0.40415,,,
433.7836,0.40419,,,
433.78365,0.404,,,
433.7837,0.40413,,,
433.78375,0.40408,,,
433.7838,0.40421,,,
433.78385,0.40396,,,
433.7839,0.40394,,,
433.78395,0.404,,,
433.784,0.40427,,,
433.78405,0.404,,,
433.7841,0.40404,,,
433.78415,0.40415,,,
433.7842,0.40398,,,
433.78425,0.40388,,,
433.7843,0.40394,,,
433.78435,0.40406,,,
433.7844,0.4039,,,
433.78445,0.40413,,,
433.7845,0.4039,,,
433.78455,0.40394,,,
433.7846,0.40394,,,
433.78465,0.40378,,,
433.7847,0.40394,,,
433.78475,0.40384,,,
433.7848,0.404,,,
433.78485,0.40415,,,
433.7849,0.40417,,,
433.78495,0.40402,,,
433.785,0.4039,,,
433.78505,0.40394,,,
433.7851,0.40374,,,
433.78515,0.4039,,,
433.7852,0.40376,,,
433.78525,0.40421,,,
433.7853,0.40413,,,
433.78535,0.40425,,,
433.7854,0.40402,,,
433.78545,0.404,,,
433.7855,0.40402,,,
433.78555,0.40378,,,
433.7856,0.40408,,,
433.78565,0.40417,,,
433.7857,0.404,,,
433.78575,0.40408,,,
433.7858,0.40419,,,
433.78585,0.40386,,,
433.7859,0.404,,,
433.78595,0.40404,,,
433.786,0.40413,,,
433.78605,0.40388,,,
433.7861,0.40415,,,
433.78615,0.40396,,,
433.7862,0.40388,,,
433.78625,0.40402,,,
433.7863,0.40408,,,
433.78635,0.40392,,,
433.7864,0.40408,,,
433.78645,0.40408,,,
433.7865,0.40398,,,
433.78655,0.40406,,,
433.7866,0.40404,,,
433.78665,0.40415,,,
433.7867,0.40396,,,
433.78675,0.40415,,,
433.7868,0.40415,,,
433.78685,0.40384,,,
433.7869,0.40386,,,
433.78695,0.40396,,,
433.787,0.40392,,,
433.78705,0.40396,,,
433.7871,0.40423,,,
433.78715,0.40396,,,
433.7872,0.4041,,,
433.78725,0.40392,,,
433.7873,0.4041,,,
433.78735,0.40404,,,
433.7874,0.404,,,
433.78745,0.40388,,,
433.7875,0.40384,,,
433.78755,0.40406,,,
433.7876,0.40402,,,
433.78765,0.40388,,,
433.7877,0.40394,,,
433.78775,0.40394,,,
433.7878,0.40406,,,
433.78785,0.40394,,,
433.7879,0.40386,,,
433.78795,0.40388,,,
433.788,0.40413,,,
433.78805,0.40398,,,
433.7881,0.404,,,
433.78815,0.404,,,
433.7882,0.40406,,,
433.78825,0.404,,,
433.7883,0.40392,,,
433.78835,0.40406,,,
433.7884,0.40392,,,
433.78845,0.404,,,
433.7885,0.40396,,,
433.78855,0.40398,,,
433.7886,0.4039,,,
433.78865,0.40408,,,
433.7887,0.40394,,,
433.78875,0.40396,,,
433.7888,0.4039,,,
433.78885,0.40394,,,
433.7889,0.40386,,,
433.78895,0.40406,,,
433.789,0.40425,,,
433.78905,0.40394,,,
433.7891,0.40413,,,
433.78915,0.40406,,,
433.7892,0.40404,,,
433.78925,0.40406,,,
433.7893,0.40396,,,
433.78935,0.404,,,
433.7894,0.40408,,,
433.78945,0.4041,,,
433.7895,0.40406,,,
433.78955,0.40415,,,
433.7896,0.404,,,
433.78965,0.40386,,,
433.7897,0.40382,,,
433.78975,0.40415,,,
433.7898,0.40404,,,
433.78985,0.40382,,,
433.7899,0.40415,,,
433.78995,0.40398,,,
433.79,0.40392,,,
433.79005,0.4038,,,
433.7901,0.40396,,,
433.79015,0.40386,,,
433.7902,0.4039,,,
433.79025,0.40406,,,
433.7903,0.40413,,,
433.79035,0.40402,,,
433.7904,0.40404,,,
433.79045,0.40417,,,
433.7905,0.40402,,,
433.79055,0.40386,,,
433.7906,0.40392,,,
433.79065,0.40402,,,
433.7907,0.40406,,,
433.79075,0.40408,,,
433.7908,0.40406,,,
433.79085,0.40421,,,
433.7909,0.40404,,,
433.79095,0.40398,,,
433.791,0.40415,,,
433.79105,0.40398,,,
433.7911,0.40398,,,
433.79115,0.40392,,,
433.7912,0.40396,,,
433.79125,0.40388,,,
433.7913,0.40404,,,
433.79135,0.40406,,,
433.7914,0.40386,,,
433.79145,0.40382,,,
433.7915,0.40398,,,
433.79155,0.4041,,,
433.7916,0.40388,,,
433.79165,0.40408,,,
433.7917,0.4039,,,
433.79175,0.404,,,
433.7918,0.40398,,,
433.79185,0.40421,,,
433.7919,0.40402,,,
433.79195,0.404,,,
433.792,0.40396,,,
433.79205,0.404,,,
433.7921,0.40386,,,
433.79215,0.4041,,,
433.7922,0.40394,,,
433.79225,0.4041,,,
433.7923,0.40435,,,
433.79235,0.40396,,,
433.7924,0.40402,,,
433.79245,0.40394,,,
433.7925,0.40398,,,
433.79255,0.40406,,,
433.7926,0.40406,,,
433.79265,0.40419,,,
433.7927,0.40417,,,
433.79275,0.40384,,,
433.7928,0.404,,,
433.79285,0.40396,,,
433.7929,0.40415,,,
433.79295,0.40388,,,
433.793,0.4041,,,
433.79305,0.40398,,,
433.7931,0.40406,,,
433.79315,0.40398,,,
433.7932,0.40415,,,
433.79325,0.40421,,,
433.7933,0.40404,,,
433.79335,0.40425,,,
433.7934,0.40433,,,
433.79345,0.40392,,,
433.7935,0.40402,,,
433.79355,0.40417,,,
433.7936,0.4038,,,
433.79365,0.40384,,,
433.7937,0.40417,,,
433.79375,0.40396,,,
433.7938,0.40408,,,
433.79385,0.40402,,,
433.7939,0.40396,,,
433.79395,0.40382,,,
433.794,0.40386,,,
433.79405,0.40402,,,
433.7941,0.40404,,,
433.79415,0.40415,,,
433.7942,0.40413,,,
433.79425,0.404,,,
433.7943,0.40408,,,
433.79435,0.40386,,,
433.7944,0.40413,,,
433.79445,0.40396,,,
433.7945,0.40388,,,
433.79455,0.40378,,,
433.7946,0.40396,,,
433.79465,0.40402,,,
433.7947,0.40398,,,
433.79475,0.40417,,,
433.7948,0.4039,,,
433.79485,0.4038,,,
433.7949,0.404,,,
433.79495,0.40384,,,
433.795,0.40396,,,
433.79505,0.404,,,
433.7951,0.4041,,,
433.79515,0.40402,,,
433.7952,0.40392,,,
433.79525,0.40415,,,
433.7953,0.40402,,,
433.79535,0.40396,,,
433.7954,0.40406,,,
433.79545,0.40398,,,
433.7955,0.40394,,,
433.79555,0.40386,,,
433.7956,0.40404,,,
433.79565,0.40388,,,
433.7957,0.40402,,,
433.79575,0.40404,,,
433.7958,0.40421,,,
433.79585,0.40396,,,
433.7959,0.404,,,
433.79595,0.40408,,,
433.796,0.40415,,,
433.79605,0.40396,,,
433.7961,0.40382,,,
433.79615,0.4039,,,
433.7962,0.40386,,,
433.79625,0.40398,,,
433.7963,0.40406,,,
433.79635,0.40396,,,
433.7964,0.40406,,,
433.79645,0.40388,,,
433.7965,0.40415,,,
433.79655,0.40398,,,
433.7966,0.40392,,,
433.79665,0.40388,,,
433.7967,0.40408,,,
433.79675,0.40404,,,
433.7968,0.40394,,,
433.79685,0.40386,,,
433.7969,0.40431,,,
433.79695,0.40398,,,
433.797,0.40408,,,
433.79705,0.40421,,,
433.7971,0.40398,,,
433.79715,0.40392,,,
433.7972,0.40413,,,
433.79725,0.40388,,,
433.7973,0.404,,,
433.79735,0.40378,,,
433.7974,0.40398,,,
433.79745,0.404,,,
433.7975,0.40396,,,
433.79755,0.40404,,,
433.7976,0.40398,,,
433.79765,0.40396,,,
433.7977,0.40386,,,
433.79775,0.40406,,,
433.7978,0.4039,,,
433.79785,0.40419,,,
433.7979,0.40404,,,
433.79795,0.4039,,,
433.798,0.40398,,,
433.79805,0.40382,,,
433.7981,0.40396,,,
433.79815,0.40376,,,
433.7982,0.40419,,,
433.79825,0.40417,,,
433.7983,0.4039,,,
433.79835,0.40406,,,
433.7984,0.40423,,,
433.79845,0.40386,,,
433.7985,0.404,,,
433.79855,0.40404,,,
433.7986,0.40408,,,
433.79865,0.40406,,,
433.7987,0.4039,,,
433.79875,0.40415,,,
433.7988,0.40392,,,
433.79885,0.40408,,,
433.7989,0.40404,,,
433.79895,0.40386,,,
433.799,0.40406,,,
433.79905,0.40413,,,
433.7991,0.40419,,,
433.79915,0.40425,,,
433.7992,0.40408,,,
433.79925,0.4039,,,
433.7993,0.40402,,,
433.79935,0.40404,,,
433.7994,0.40396,,,
433.79945,0.404,,,
433.7995,0.40413,,,
433.79955,0.40388,,,
433.7996,0.40402,,,
433.79965,0.40404,,,
433.7997,0.40394,,,
433.79975,0.40386,,,
433.7998,0.404,,,
433.79985,0.40415,,,
433.7999,0.40408,,,
433.79995,0.40388,,,
433.8,0.40425,,,
433.80005,0.40406,,,
433.8001,0.404,,,
433.80015,0.40417,,,
433.8002,0.40419,,,
433.80025,0.40396,,,
433.8003,0.4039,,,
433.80035,0.404,,,
433.8004,0.40402,,,
433.80045,0.40394,,,
433.8005,0.404,,,
433.80055,0.40413,,,
433.8006,0.40394,,,
433.80065,0.40396,,,
433.8007,0.40394,,,
433.80075,0.404,,,
433.8008,0.40388,,,
433.80085,0.40386,,,
433.8009,0.40413,,,
433.80095,0.40402,,,
433.801,0.4039,,,
433.80105,0.40398,,,
433.8011,0.40388,,,
433.80115,0.40423,,,
433.8012,0.40398,,,
433.80125,0.40402,,,
433.8013,0.40398,,,
433.80135,0.40423,,,
433.8014,0.40406,,,
433.80145,0.40417,,,
433.8015,0.40398,,,
433.80155,0.4039,,,
433.8016,0.4038,,,
433.80165,0.40386,,,
433.8017,0.40437,,,
433.80175,0.40417,,,
433.8018,0.40406,,,
433.80185,0.40398,,,
433.8019,0.40413,,,
433.80195,0.40394,,,
433.802,0.40408,,,
433.80205,0.40413,,,
433.8021,0.40388,,,
433.80215,0.40419,,,
433.8022,0.40413,,,
433.80225,0.40394,,,
433.8023,0.40406,,,
433.80235,0.40404,,,
433.8024,0.40406,,,
433.80245,0.40402,,,
433.8025,0.4039,,,
433.80255,0.40388,,,
433.8026,0.4039,,,
433.80265,0.40404,,,
433.8027,0.40406,,,
433.80275,0.40404,,,
433.8028,0.40402,,,
433.80285,0.40402,,,
433.8029,0.40392,,,
433.80295,0.40392,,,
433.803,0.40413,,,
433.80305,0.40406,,,
433.8031,0.40408,,,
433.80315,0.40392,,,
433.8032,0.40417,,,
433.80325,0.404,,,
433.8033,0.40406,,,
433.80335,0.40384,,,
433.8034,0.40429,,,
433.80345,0.40372,,,
433.8035,0.404,,,
433.80355,0.40396,,,
433.8036,0.4041,,,
433.80365,0.404,,,
433.8037,0.40419,,,
433.80375,0.40392,,,
433.8038,0.40392,,,
433.80385,0.40398,,,
433.8039,0.40396,,,
433.80395,0.4039,,,
433.804,0.40396,,,
433.80405,0.40398,,,
433.8041,0.40394,,,
433.80415,0.40384,,,
433.8042,0.40402,,,
433.80425,0.40408,,,
433.8043,0.40386,,,
433.80435,0.40388,,,
433.8044,0.40392,,,
433.80445,0.4038,,,
433.8045,0.40402,,,
433.80455,0.40394,,,
433.8046,0.40392,,,
433.80465,0.40408,,,
433.8047,0.40396,,,
433.80475,0.40398,,,
433.8048,0.40392,,,
433.80485,0.40413,,,
433.8049,0.40406,,,
433.80495,0.40408,,,
433.805,0.40419,,,
433.80505,0.40396,,,
433.8051,0.4039,,,
433.80515,0.40415,,,
433.8052,0.404,,,
433.80525,0.40427,,,
433.8053,0.40419,,,
433.80535,0.404,,,
433.8054,0.40415,,,
433.80545,0.40406,,,
433.8055,0.404,,,
433.80555,0.40396,,,
433.8056,0.4039,,,
433.80565,0.40386,,,
433.8057,0.4041,,,
433.80575,0.40404,,,
433.8058,0.404,,,
433.80585,0.40415,,,
433.8059,0.4041,,,
433.80595,0.40423,,,
433.806,0.40394,,,
433.80605,0.4039,,,
433.8061,0.40398,,,
433.80615,0.4038,,,
433.8062,0.40415,,,
433.80625,0.404,,,
433.8063,0.40406,,,
433.80635,0.40406,,,
433.8064,0.40394,,,
433.80645,0.40402,,,
433.8065,0.40384,,,
433.80655,0.40386,,,
433.8066,0.404,,,
433.80665,0.40398,,,
433.8067,0.40394,,,
433.80675,0.40415,,,
433.8068,0.40398,,,
433.80685,0.40404,,,
433.8069,0.40384,,,
433.80695,0.40408,,,
433.807,0.40413,,,
433.80705,0.40396,,,
433.8071,0.4039,,,
433.80715,0.40421,,,
433.8072,0.40404,,,
433.80725,0.40415,,,
433.8073,0.40408,,,
433.80735,0.40435,,,
433.8074,0.40394,,,
433.80745,0.40392,,,
433.8075,0.4041,,,
433.80755,0.40406,,,
433.8076,0.40429,,,
433.80765,0.40419,,,
433.8077,0.40396,,,
433.80775,0.40408,,,
433.8078,0.40384,,,
433.80785,0.4041,,,
433.8079,0.40388,,,
433.80795,0.40404,,,
433.808,0.4039,,,
433.80805,0.40404,,,
433.8081,0.4039,,,
433.80815,0.404,,,
433.8082,0.40398,,,
433.80825,0.40398,,,
433.8083,0.40398,,,
433.80835,0.40427,,,
433.8084,0.40404,,,
433.80845,0.40382,,,
433.8085,0.40384,,,
433.80855,0.404,,,
433.8086,0.40413,,,
433.80865,0.40384,,,
433.8087,0.40406,,,
433.80875,0.40408,,,
433.8088,0.40396,,,
433.80885,0.40396,,,
433.8089,0.40417,,,
433.80895,0.40437,,,
433.809,0.40384,,,
433.80905,0.404,,,
433.8091,0.40396,,,
433.80915,0.404,,,
433.8092,0.40408,,,
433.80925,0.4041,,,
433.8093,0.40419,,,
433.80935,0.40398,,,
433.8094,0.40388,,,
433.80945,0.40415,,,
433.8095,0.40413,,,
433.80955,0.4041,,,
433.8096,0.40396,,,
433.80965,0.4041,,,
433.8097,0.40421,,,
433.80975,0.40398,,,
433.8098,0.40386,,,
433.80985,0.404,,,
433.8099,0.40398,,,
433.80995,0.40408,,,
433.81,0.40376,,,
433.81005,0.40386,,,
433.8101,0.40423,,,
433.81015,0.40402,,,
433.8102,0.40394,,,
433.81025,0.4041,,,
433.8103,0.40392,,,
433.81035,0.40398,,,
433.8104,0.40408,,,
433.81045,0.404,,,
433.8105,0.40413,,,
433.81055,0.40398,,,
433.8106,0.40404,,,
433.81065,0.40406,,,
433.8107,0.40427,,,
433.81075,0.40388,,,
433.8108,0.404,,,
433.81085,0.4041,,,
433.8109,0.40406,,,
433.81095,0.404,,,
433.811,0.40413,,,
433.81105,0.40398,,,
433.8111,0.40388,,,
433.81115,0.40406,,,
433.8112,0.40421,,,
433.81125,0.404,,,
433.8113,0.4041,,,
433.81135,0.40396,,,
433.8114,0.40421,,,
433.81145,0.404,,,
433.8115,0.40419,,,
433.81155,0.40406,,,
433.8116,0.40413,,,
433.81165,0.40404,,,
433.8117,0.404,,,
433.81175,0.40419,,,
433.8118,0.40413,,,
433.81185,0.40404,,,
433.8119,0.40427,,,
433.81195,0.40388,,,
433.812,0.40417,,,
433.81205,0.40396,,,
433.8121,0.40415,,,
433.81215,0.40408,,,
433.8122,0.404,,,
433.81225,0.40392,,,
433.8123,0.40415,,,
433.81235,0.40396,,,
433.8124,0.40425,,,
433.81245,0.40392,,,
433.8125,0.4039,,,
433.81255,0.404,,,
433.8126,0.40404,,,
433.81265,0.40398,,,
433.8127,0.40423,,,
433.81275,0.404,,,
433.8128,0.40382,,,
433.81285,0.40404,,,
433.8129,0.40425,,,
433.81295,0.40404,,,
433.813,0.40392,,,
433.81305,0.404,,,
433.8131,0.40388,,,
433.81315,0.404,,,
433.8132,0.40394,,,
433.81325,0.40392,,,
433.8133,0.4039,,,
433.81335,0.404,,,
433.8134,0.4041,,,
433.81345,0.40408,,,
433.8135,0.40427,,,
433.81355,0.40404,,,
433.8136,0.4041,,,
433.81365,0.40408,,,
433.8137,0.40427,,,
433.81375,0.40421,,,
433.8138,0.40398,,,
433.81385,0.40406,,,
433.8139,0.4039,,,
433.81395,0.40408,,,
433.814,0.40404,,,
433.81405,0.40398,,,
433.8141,0.40388,,,
433.81415,0.40406,,,
433.8142,0.40402,,,
433.81425,0.40398,,,
433.8143,0.404,,,
433.81435,0.40406,,,
433.8144,0.40394,,,
433.81445,0.40404,,,
433.8145,0.40394,,,
433.81455,0.404,,,
433.8146,0.40404,,,
433.81465,0.40402,,,
433.8147,0.40408,,,
433.81475,0.40406,,,
433.8148,0.40394,,,
433.81485,0.40388,,,
433.8149,0.404,,,
433.81495,0.40386,,,
433.815,0.40394,,,
433.81505,0.40408,,,
433.8151,0.40394,,,
433.81515,0.40394,,,
433.8152,0.40417,,,
433.81525,0.40398,,,
433.8153,0.4041,,,
433.81535,0.40378,,,
433.8154,0.40419,,,
433.81545,0.40421,,,
433.8155,0.40421,,,
433.81555,0.404,,,
433.8156,0.4041,,,
433.81565,0.40378,,,
433.8157,0.40417,,,
433.81575,0.4041,,,
433.8158,0.40392,,,
433.81585,0.40396,,,
433.8159,0.40421,,,
433.81595,0.40415,,,
433.816,0.40417,,,
433.81605,0.40406,,,
433.8161,0.40413,,,
433.81615,0.40404,,,
433.8162,0.40427,,,
433.81625,0.40398,,,
433.8163,0.404,,,
433.81635,0.40396,,,
433.8164,0.40392,,,
433.81645,0.404,,,
433.8165,0.40404,,,
433.81655,0.40419,,,
433.8166,0.40419,,,
433.81665,0.404,,,
433.8167,0.40398,,,
433.81675,0.40404,,,
433.8168,0.40406,,,
433.81685,0.40406,,,
433.8169,0.40404,,,
433.81695,0.40408,,,
433.817,0.40392,,,
433.81705,0.40398,,,
433.8171,0.40402,,,
433.81715,0.404,,,
433.8172,0.4039,,,
433.81725,0.40404,,,
433.8173,0.40415,,,
433.81735,0.4038,,,
433.8174,0.40386,,,
433.81745,0.40406,,,
433.8175,0.40398,,,
433.81755,0.40413,,,
433.8176,0.40394,,,
433.81765,0.40392,,,
433.8177,0.40419,,,
433.81775,0.40394,,,
433.8178,0.40402,,,
433.81785,0.40396,,,
433.8179,0.40398,,,
433.81795,0.40404,,,
433.818,0.40404,,,
433.81805,0.404,,,
433.8181,0.40429,,,
433.81815,0.40413,,,
433.8182,0.40396,,,
433.81825,0.40398,,,
433.8183,0.40423,,,
433.81835,0.40417,,,
433.8184,0.40392,,,
433.81845,0.4041,,,
433.8185,0.40413,,,
433.81855,0.404,,,
433.8186,0.40402,,,
433.81865,0.40431,,,
433.8187,0.4038,,,
433.81875,0.40417,,,
433.8188,0.40406,,,
433.81885,0.40425,,,
433.8189,0.404,,,
433.81895,0.40406,,,
433.819,0.4041,,,
433.81905,0.40415,,,
433.8191,0.40404,,,
433.81915,0.40398,,,
433.8192,0.40433,,,
433.81925,0.40415,,,
433.8193,0.40386,,,
433.81935,0.40425,,,
433.8194,0.40425,,,
433.81945,0.40413,,,
433.8195,0.40425,,,
433.81955,0.40384,,,
433.8196,0.40425,,,
433.81965,0.40406,,,
433.8197,0.40406,,,
433.81975,0.40406,,,
433.8198,0.4041,,,
433.81985,0.40421,,,
433.8199,0.40415,,,
433.81995,0.4041,,,
433.82,0.40417,,,
433.82005,0.40392,,,
433.8201,0.40396,,,
433.82015,0.40398,,,
433.8202,0.40392,,,
433.82025,0.40386,,,
433.8203,0.404,,,
433.82035,0.4041,,,
433.8204,0.40404,,,
433.82045,0.40396,,,
433.8205,0.40417,,,
433.82055,0.40429,,,
433.8206,0.40427,,,
433.82065,0.40402,,,
433.8207,0.40431,,,
433.82075,0.4038,,,
433.8208,0.40417,,,
433.82085,0.40423,,,
433.8209,0.40425,,,
433.82095,0.40404,,,
433.821,0.40415,,,
433.82105,0.40392,,,
433.8211,0.40408,,,
433.82115,0.40406,,,
433.8212,0.40406,,,
433.82125,0.40402,,,
433.8213,0.40408,,,
433.82135,0.40417,,,
433.8214,0.40413,,,
433.82145,0.40423,,,
433.8215,0.40425,,,
433.82155,0.40423,,,
433.8216,0.40406,,,
433.82165,0.40423,,,
433.8217,0.40415,,,
433.82175,0.40404,,,
433.8218,0.4041,,,
433.82185,0.40435,,,
433.8219,0.40417,,,
433.82195,0.40417,,,
433.822,0.40421,,,
433.82205,0.40388,,,
433.8221,0.40396,,,
433.82215,0.404,,,
433.8222,0.40417,,,
433.82225,0.40406,,,
433.8223,0.4039,,,
433.82235,0.4041,,,
433.8224,0.40413,,,
433.82245,0.40427,,,
433.8225,0.40415,,,
433.82255,0.40431,,,
433.8226,0.40406,,,
433.82265,0.40417,,,
433.8227,0.4041,,,
433.82275,0.40413,,,
433.8228,0.40437,,,
433.82285,0.40423,,,
433.8229,0.40388,,,
433.82295,0.40406,,,
433.823,0.40394,,,
433.82305,0.40413,,,
433.8231,0.40384,,,
433.82315,0.40404,,,
433.8232,0.4041,,,
433.82325,0.40421,,,
433.8233,0.40423,,,
433.82335,0.40394,,,
433.8234,0.40396,,,
433.82345,0.40396,,,
433.8235,0.40388,,,
433.82355,0.40415,,,
433.8236,0.40421,,,
433.82365,0.40415,,,
433.8237,0.40404,,,
433.82375,0.40451,,,
433.8238,0.40421,,,
433.82385,0.40431,,,
433.8239,0.40427,,,
433.82395,0.40408,,,
433.824,0.40413,,,
433.82405,0.40431,,,
433.8241,0.4041,,,
433.82415,0.40406,,,
433.8242,0.4039,,,
433.82425,0.4041,,,
433.8243,0.4041,,,
433.82435,0.40419,,,
433.8244,0.40408,,,
433.82445,0.40402,,,
433.8245,0.40404,,,
433.82455,0.4041,,,
433.8246,0.40425,,,
433.82465,0.40402,,,
433.8247,0.40417,,,
433.82475,0.40429,,,
433.8248,0.40413,,,
433.82485,0.40413,,,
433.8249,0.40429,,,
433.82495,0.40417,,,
433.825,0.40398,,,
433.82505,0.40394,,,
433.8251,0.40415,,,
433.82515,0.40413,,,
433.8252,0.40415,,,
433.82525,0.40402,,,
433.8253,0.40421,,,
433.82535,0.40419,,,
433.8254,0.40431,,,
433.82545,0.40406,,,
433.8255,0.40427,,,
433.82555,0.40404,,,
433.8256,0.404,,,
433.82565,0.40392,,,
433.8257,0.40406,,,
433.82575,0.40429,,,
433.8258,0.40415,,,
433.82585,0.40386,,,
433.8259,0.40408,,,
433.82595,0.40413,,,
433.826,0.40417,,,
433.82605,0.40415,,,
433.8261,0.40408,,,
433.82615,0.4041,,,
433.8262,0.40427,,,
433.82625,0.40429,,,
433.8263,0.40445,,,
433.82635,0.404,,,
433.8264,0.40394,,,
433.82645,0.40425,,,
433.8265,0.40419,,,
433.82655,0.40435,,,
433.8266,0.404,,,
433.82665,0.40453,,,
433.8267,0.40398,,,
433.82675,0.40402,,,
433.8268,0.40402,,,
433.82685,0.40419,,,
433.8269,0.40413,,,
433.82695,0.404,,,
433.827,0.40429,,,
433.82705,0.40413,,,
433.8271,0.40402,,,
433.82715,0.404,,,
433.8272,0.40427,,,
433.82725,0.40419,,,
433.8273,0.40413,,,
433.82735,0.40404,,,
433.8274,0.40413,,,
433.82745,0.4041,,,
433.8275,0.40406,,,
433.82755,0.4041,,,
433.8276,0.4041,,,
433.82765,0.4041,,,
433.8277,0.40423,,,
433.82775,0.40421,,,
433.8278,0.40415,,,
433.82785,0.40398,,,
433.8279,0.40406,,,
433.82795,0.40433,,,
433.828,0.40435,,,
433.82805,0.40431,,,
433.8281,0.40425,,,
433.82815,0.40415,,,
433.8282,0.40441,,,
433.82825,0.40431,,,
433.8283,0.40402,,,
433.82835,0.40419,,,
433.8284,0.40429,,,
433.82845,0.40398,,,
433.8285,0.40435,,,
433.82855,0.40406,,,
433.8286,0.40408,,,
433.82865,0.40429,,,
433.8287,0.40423,,,
433.82875,0.40441,,,
433.8288,0.404,,,
433.82885,0.40421,,,
433.8289,0.40431,,,
433.82895,0.40441,,,
433.829,0.40421,,,
433.82905,0.40423,,,
433.8291,0.40408,,,
433.82915,0.4041,,,
433.8292,0.40423,,,
433.82925,0.4041,,,
433.8293,0.40421,,,
433.82935,0.40402,,,
433.8294,0.40433,,,
433.82945,0.4041,,,
433.8295,0.40439,,,
433.82955,0.40427,,,
433.8296,0.40455,,,
433.82965,0.40392,,,
433.8297,0.40413,,,
433.82975,0.40402,,,
433.8298,0.40406,,,
433.82985,0.40402,,,
433.8299,0.40408,,,
433.82995,0.40443,,,
433.83,0.40433,,,
433.83005,0.40417,,,
433.8301,0.40447,,,
433.83015,0.40421,,,
433.8302,0.40408,,,
433.83025,0.40423,,,
433.8303,0.4041,,,
433.83035,0.40421,,,
433.8304,0.40439,,,
433.83045,0.40415,,,
433.8305,0.40423,,,
433.83055,0.40408,,,
433.8306,0.40439,,,
433.83065,0.404,,,
433.8307,0.40404,,,
433.83075,0.40417,,,
433.8308,0.40388,,,
433.83085,0.40429,,,
433.8309,0.40423,,,
433.83095,0.40427,,,
433.831,0.40408,,,
433.83105,0.40421,,,
433.8311,0.40433,,,
433.83115,0.40421,,,
433.8312,0.40413,,,
433.83125,0.40413,,,
433.8313,0.40419,,,
433.83135,0.40437,,,
433.8314,0.40415,,,
433.83145,0.4041,,,
433.8315,0.40404,,,
433.83155,0.40413,,,
433.8316,0.40417,,,
433.83165,0.40408,,,
433.8317,0.40427,,,
433.83175,0.404,,,
433.8318,0.40402,,,
433.83185,0.40431,,,
433.8319,0.40396,,,
433.83195,0.40402,,,
433.832,0.40408,,,
433.83205,0.40396,,,
433.8321,0.40429,,,
433.83215,0.40406,,,
433.8322,0.40423,,,
433.83225,0.40421,,,
433.8323,0.40404,,,
433.83235,0.40417,,,
433.8324,0.40413,,,
433.83245,0.40394,,,
433.8325,0.40417,,,
433.83255,0.40431,,,
433.8326,0.40433,,,
433.83265,0.40423,,,
433.8327,0.40425,,,
433.83275,0.40402,,,
433.8328,0.40427,,,
433.83285,0.40398,,,
433.8329,0.40433,,,
433.83295,0.40425,,,
433.833,0.40419,,,
433.83305,0.40415,,,
433.8331,0.40392,,,
433.83315,0.40392,,,
433.8332,0.40427,,,
433.83325,0.40425,,,
433.8333,0.40429,,,
433.83335,0.40413,,,
433.8334,0.40425,,,
433.83345,0.40421,,,
433.8335,0.40433,,,
433.83355,0.40406,,,
433.8336,0.4041,,,
433.83365,0.40396,,,
433.8337,0.40425,,,
433.83375,0.40404,,,
433.8338,0.40419,,,
433.83385,0.40441,,,
433.8339,0.40439,,,
433.83395,0.40398,,,
433.834,0.40406,,,
433.83405,0.404,,,
433.8341,0.40429,,,
433.83415,0.40408,,,
433.8342,0.404,,,
433.83425,0.40439,,,
433.8343,0.40441,,,
433.83435,0.40417,,,
433.8344,0.40419,,,
433.83445,0.40419,,,
433.8345,0.40421,,,
433.83455,0.40421,,,
433.8346,0.40386,,,
433.83465,0.40435,,,
433.8347,0.40408,,,
433.83475,0.40413,,,
433.8348,0.40402,,,
433.83485,0.40408,,,
433.8349,0.40429,,,
433.83495,0.40402,,,
433.835,0.40417,,,
433.83505,0.40431,,,
433.8351,0.40423,,,
433.83515,0.40415,,,
433.8352,0.40394,,,
433.83525,0.40431,,,
433.8353,0.40417,,,
433.83535,0.4041,,,
433.8354,0.40415,,,
433.83545,0.40429,,,
433.8355,0.40419,,,
433.83555,0.40415,,,
433.8356,0.40408,,,
433.83565,0.40415,,,
433.8357,0.40425,,,
433.83575,0.40423,,,
433.8358,0.40423,,,
433.83585,0.40415,,,
433.8359,0.40437,,,
433.83595,0.40437,,,
433.836,0.4041,,,
433.83605,0.40402,,,
433.8361,0.40423,,,
433.83615,0.40404,,,
433.8362,0.40402,,,
433.83625,0.40429,,,
433.8363,0.40394,,,
433.83635,0.40404,,,
433.8364,0.40408,,,
433.83645,0.40398,,,
433.8365,0.40404,,,
433.83655,0.40404,,,
433.8366,0.40419,,,
433.83665,0.40398,,,
433.8367,0.40423,,,
433.83675,0.40431,,,
433.8368,0.40398,,,
433.83685,0.40449,,,
433.8369,0.40449,,,
433.83695,0.40404,,,
433.837,0.40413,,,
433.83705,0.40423,,,
433.8371,0.4041,,,
433.83715,0.40408,,,
433.8372,0.40392,,,
433.83725,0.40388,,,
433.8373,0.4041,,,
433.83735,0.40394,,,
433.8374,0.40427,,,
433.83745,0.4041,,,
433.8375,0.40427,,,
433.83755,0.40419,,,
433.8376,0.40386,,,
433.83765,0.40425,,,
433.8377,0.40423,,,
433.83775,0.404,,,
433.8378,0.40408,,,
433.83785,0.40441,,,
433.8379,0.40413,,,
433.83795,0.40394,,,
433.838,0.40398,,,
433.83805,0.404,,,
433.8381,0.40421,,,
433.83815,0.40431,,,
433.8382,0.40443,,,
433.83825,0.40413,,,
433.8383,0.40419,,,
433.83835,0.40427,,,
433.8384,0.40404,,,
433.83845,0.40417,,,
433.8385,0.40417,,,
433.83855,0.40437,,,
433.8386,0.40402,,,
433.83865,0.40415,,,
433.8387,0.40406,,,
433.83875,0.40433,,,
433.8388,0.40404,,,
433.83885,0.40423,,,
433.8389,0.40419,,,
433.83895,0.40402,,,
433.839,0.40386,,,
433.83905,0.40421,,,
433.8391,0.40421,,,
433.83915,0.40408,,,
433.8392,0.40394,,,
433.83925,0.40404,,,
433.8393,0.40402,,,
433.83935,0.4041,,,
433.8394,0.40417,,,
433.83945,0.40413,,,
433.8395,0.40417,,,
433.83955,0.40388,,,
433.8396,0.40413,,,
433.83965,0.40388,,,
433.8397,0.40423,,,
433.83975,0.40386,,,
433.8398,0.40435,,,
433.83985,0.40396,,,
433.8399,0.40408,,,
433.83995,0.40406,,,
433.84,0.40398,,,
433.84005,0.40396,,,
433.8401,0.40417,,,
433.84015,0.40427,,,
433.8402,0.40398,,,
433.84025,0.404,,,
433.8403,0.404,,,
433.84035,0.40388,,,
433.8404,0.40431,,,
433.84045,0.40398,,,
433.8405,0.40435,,,
433.84055,0.40413,,,
433.8406,0.40388,,,
433.84065,0.40417,,,
433.8407,0.40402,,,
433.84075,0.4041,,,
433.8408,0.40392,,,
433.84085,0.40421,,,
433.8409,0.40429,,,
433.84095,0.40439,,,
433.841,0.40404,,,
433.84105,0.40402,,,
433.8411,0.40417,,,
433.84115,0.40413,,,
433.8412,0.40417,,,
433.84125,0.40419,,,
433.8413,0.40415,,,
433.84135,0.40392,,,
433.8414,0.4041,,,
433.84145,0.40406,,,
433.8415,0.40402,,,
433.84155,0.40429,,,
433.8416,0.4041,,,
433.84165,0.40402,,,
433.8417,0.40392,,,
433.84175,0.4041,,,
433.8418,0.40386,,,
433.84185,0.40415,,,
433.8419,0.40406,,,
433.84195,0.40396,,,
433.842,0.40398,,,
433.84205,0.40421,,,
433.8421,0.40392,,,
433.84215,0.40415,,,
433.8422,0.40396,,,
433.84225,0.40384,,,
433.8423,0.404,,,
433.84235,0.40408,,,
433.8424,0.40388,,,
433.84245,0.40413,,,
433.8425,0.40404,,,
433.84255,0.404,,,
433.8426,0.40406,,,
433.84265,0.40396,,,
433.8427,0.40415,,,
433.84275,0.40402,,,
433.8428,0.40413,,,
433.84285,0.40431,,,
433.8429,0.40398,,,
433.84295,0.40404,,,
433.843,0.4039,,,
433.84305,0.40388,,,
433.8431,0.40404,,,
433.84315,0.40425,,,
433.8432,0.40413,,,
433.84325,0.40404,,,
433.8433,0.40415,,,
433.84335,0.40413,,,
433.8434,0.40404,,,
433.84345,0.40406,,,
433.8435,0.40404,,,
433.84355,0.404,,,
433.8436,0.40408,,,
433.84365,0.40425,,,
433.8437,0.4041,,,
433.84375,0.40404,,,
433.8438,0.40417,,,
433.84385,0.40388,,,
433.8439,0.40425,,,
433.84395,0.4038,,,
433.844,0.40402,,,
433.84405,0.4041,,,
433.8441,0.40394,,,
433.84415,0.40394,,,
433.8442,0.40423,,,
433.84425,0.40406,,,
433.8443,0.40406,,,
433.84435,0.40413,,,
433.8444,0.40406,,,
433.84445,0.40394,,,
433.8445,0.40415,,,
433.84455,0.40396,,,
433.8446,0.40402,,,
433.84465,0.40398,,,
433.8447,0.40396,,,
433.84475,0.40423,,,
433.8448,0.40423,,,
433.84485,0.40402,,,
433.8449,0.40408,,,
433.84495,0.40421,,,
433.845,0.40415,,,
433.84505,0.40408,,,
433.8451,0.40417,,,
433.84515,0.40413,,,
433.8452,0.40388,,,
433.84525,0.40404,,,
433.8453,0.40396,,,
433.84535,0.40406,,,
433.8454,0.4041,,,
433.84545,0.40431,,,
433.8455,0.40384,,,
433.84555,0.40398,,,
433.8456,0.40378,,,
433.84565,0.40406,,,
433.8457,0.40384,,,
433.84575,0.40408,,,
433.8458,0.40415,,,
433.84585,0.4041,,,
433.8459,0.4041,,,
433.84595,0.40406,,,
433.846,0.40406,,,
433.84605,0.40392,,,
433.8461,0.40396,,,
433.84615,0.40398,,,
433.8462,0.40402,,,
433.84625,0.40404,,,
433.8463,0.40398,,,
433.84635,0.40392,,,
433.8464,0.40386,,,
433.84645,0.4041,,,
433.8465,0.40417,,,
433.84655,0.40404,,,
433.8466,0.40396,,,
433.84665,0.40398,,,
433.8467,0.40396,,,
433.84675,0.40396,,,
433.8468,0.4039,,,
433.84685,0.40406,,,
433.8469,0.4039,,,
433.84695,0.40396,,,
433.847,0.40413,,,
433.84705,0.40402,,,
433.8471,0.40398,,,
433.84715,0.40394,,,
433.8472,0.40396,,,
433.84725,0.40413,,,
433.8473,0.4039,,,
433.84735,0.40404,,,
433.8474,0.40415,,,
433.84745,0.40398,,,
433.8475,0.40388,,,
433.84755,0.40394,,,
433.8476,0.4039,,,
433.84765,0.4041,,,
433.8477,0.40413,,,
433.84775,0.40392,,,
433.8478,0.40406,,,
433.84785,0.40398,,,
433.8479,0.404,,,
433.84795,0.404,,,
433.848,0.40402,,,
433.84805,0.40398,,,
433.8481,0.40402,,,
433.84815,0.404,,,
433.8482,0.40382,,,
433.84825,0.40408,,,
433.8483,0.40404,,,
433.84835,0.40402,,,
433.8484,0.40421,,,
433.84845,0.404,,,
433.8485,0.40402,,,
433.84855,0.4038,,,
433.8486,0.40382,,,
433.84865,0.40398,,,
433.8487,0.40406,,,
433.84875,0.4041,,,
433.8488,0.40396,,,
433.84885,0.40402,,,
433.8489,0.404,,,
433.84895,0.4039,,,
433.849,0.40392,,,
433.84905,0.40417,,,
433.8491,0.40404,,,
433.84915,0.40408,,,
433.8492,0.40402,,,
433.84925,0.40392,,,
433.8493,0.4041,,,
433.84935,0.40404,,,
433.8494,0.40392,,,
433.84945,0.4041,,,
433.8495,0.40396,,,
433.84955,0.40396,,,
433.8496,0.40408,,,
433.84965,0.40394,,,
433.8497,0.404,,,
433.84975,0.404,,,
433.8498,0.40396,,,
433.84985,0.40384,,,
433.8499,0.404,,,
433.84995,0.40404,,,
433.85,0.40402,,,
433.85005,0.40408,,,
433.8501,0.40413,,,
433.85015,0.404,,,
433.8502,0.40398,,,
433.85025,0.40415,,,
433.8503,0.40392,,,
433.85035,0.40419,,,
433.8504,0.40384,,,
433.85045,0.40394,,,
433.8505,0.40402,,,
433.85055,0.40402,,,
433.8506,0.40406,,,
433.85065,0.40396,,,
433.8507,0.40404,,,
433.85075,0.40406,,,
433.8508,0.40406,,,
433.85085,0.40398,,,
433.8509,0.4041,,,
433.85095,0.40404,,,
433.851,0.404,,,
433.85105,0.40398,,,
433.8511,0.4039,,,
433.85115,0.40421,,,
433.8512,0.40402,,,
433.85125,0.40392,,,
433.8513,0.40413,,,
433.85135,0.40388,,,
433.8514,0.40402,,,
433.85145,0.40423,,,
433.8515,0.40382,,,
433.85155,0.40384,,,
433.8516,0.4038,,,
433.85165,0.40388,,,
433.8517,0.40408,,,
433.85175,0.40435,,,
433.8518,0.40396,,,
433.85185,0.40396,,,
433.8519,0.40402,,,
433.85195,0.40404,,,
433.852,0.40406,,,
433.85205,0.40415,,,
433.8521,0.40406,,,
433.85215,0.40388,,,
433.8522,0.40398,,,
433.85225,0.40396,,,
433.8523,0.40427,,,
433.85235,0.40394,,,
433.8524,0.40382,,,
433.85245,0.4039,,,
433.8525,0.40408,,,
433.85255,0.404,,,
433.8526,0.4039,,,
433.85265,0.4039,,,
433.8527,0.40402,,,
433.85275,0.40423,,,
433.8528,0.404,,,
433.85285,0.40392,,,
433.8529,0.4041,,,
433.85295,0.40398,,,
433.853,0.40384,,,
433.85305,0.404,,,
433.8531,0.40398,,,
433.85315,0.40386,,,
433.8532,0.40392,,,
433.85325,0.40396,,,
433.8533,0.40396,,,
433.85335,0.40388,,,
433.8534,0.40396,,,
433.85345,0.40408,,,
433.8535,0.40392,,,
433.85355,0.4039,,,
433.8536,0.4041,,,
433.85365,0.40402,,,
433.8537,0.40406,,,
433.85375,0.40394,,,
433.8538,0.40408,,,
433.85385,0.404,,,
433.8539,0.40388,,,
433.85395,0.40406,,,
433.854,0.40388,,,
433.85405,0.40398,,,
433.8541,0.40396,,,
433.85415,0.40398,,,
433.8542,0.40406,,,
433.85425,0.40394,,,
433.8543,0.40398,,,
433.85435,0.40386,,,
433.8544,0.40398,,,
433.85445,0.40421,,,
433.8545,0.4038,,,
433.85455,0.4039,,,
433.8546,0.40402,,,
433.85465,0.40413,,,
433.8547,0.40398,,,
433.85475,0.404,,,
433.8548,0.40404,,,
433.85485,0.40402,,,
433.8549,0.404,,,
433.85495,0.40394,,,
433.855,0.40388,,,
433.85505,0.40402,,,
433.8551,0.40386,,,
433.85515,0.40392,,,
433.8552,0.40382,,,
433.85525,0.40408,,,
433.8553,0.40392,,,
433.85535,0.404,,,
433.8554,0.40406,,,
433.85545,0.40398,,,
433.8555,0.40394,,,
433.85555,0.404,,,
433.8556,0.40392,,,
433.85565,0.4039,,,
433.8557,0.40402,,,
433.85575,0.4039,,,
433.8558,0.4041,,,
433.85585,0.40388,,,
433.8559,0.40396,,,
433.85595,0.40392,,,
433.856,0.40404,,,
433.85605,0.40404,,,
433.8561,0.40386,,,
433.85615,0.40415,,,
433.8562,0.4038,,,
433.85625,0.40402,,,
433.8563,0.40392,,,
433.85635,0.4041,,,
433.8564,0.40394,,,
433.85645,0.40394,,,
433.8565,0.40415,,,
433.85655,0.40384,,,
433.8566,0.40435,,,
433.85665,0.404,,,
433.8567,0.404,,,
433.85675,0.40392,,,
433.8568,0.40382,,,
433.85685,0.40419,,,
433.8569,0.4041,,,
433.85695,0.40398,,,
433.857,0.4041,,,
433.85705,0.40396,,,
433.8571,0.40413,,,
433.85715,0.40392,,,
433.8572,0.40392,,,
433.85725,0.40388,,,
433.8573,0.40408,,,
433.85735,0.40372,,,
433.8574,0.4039,,,
433.85745,0.40406,,,
433.8575,0.40394,,,
433.85755,0.40392,,,
433.8576,0.404,,,
433.85765,0.4041,,,
433.8577,0.40386,,,
433.85775,0.40408,,,
433.8578,0.4039,,,
433.85785,0.40419,,,
433.8579,0.404,,,
433.85795,0.40382,,,
433.858,0.40392,,,
433.85805,0.4041,,,
433.8581,0.40396,,,
433.85815,0.4039,,,
433.8582,0.40388,,,
433.85825,0.40396,,,
433.8583,0.40406,,,
433.85835,0.404,,,
433.8584,0.40386,,,
433.85845,0.40392,,,
433.8585,0.40386,,,
433.85855,0.404,,,
433.8586,0.40398,,,
433.85865,0.404,,,
433.8587,0.40388,,,
433.85875,0.40398,,,
433.8588,0.4039,,,
433.85885,0.40392,,,
433.8589,0.40388,,,
433.85895,0.40386,,,
433.859,0.40386,,,
433.85905,0.40398,,,
433.8591,0.40392,,,
433.85915,0.40402,,,
433.8592,0.40406,,,
433.85925,0.40384,,,
433.8593,0.40406,,,
433.85935,0.40396,,,
433.8594,0.40396,,,
433.85945,0.40408,,,
433.8595,0.40396,,,
433.85955,0.40396,,,
433.8596,0.40396,,,
433.85965,0.40425,,,
433.8597,0.4039,,,
433.85975,0.40394,,,
433.8598,0.40413,,,
433.85985,0.40402,,,
433.8599,0.40408,,,
433.85995,0.40392,,,
433.86,0.40404,,,
433.86005,0.40394,,,
433.8601,0.404,,,
433.86015,0.40406,,,
433.8602,0.40388,,,
433.86025,0.40402,,,
433.8603,0.40394,,,
433.86035,0.40386,,,
433.8604,0.40388,,,
433.86045,0.40384,,,
433.8605,0.4041,,,
433.86055,0.40406,,,
433.8606,0.40392,,,
433.86065,0.40386,,,
433.8607,0.4041,,,
433.86075,0.4039,,,
433.8608,0.40388,,,
433.86085,0.4039,,,
433.8609,0.40394,,,
433.86095,0.40406,,,
433.861,0.40402,,,
433.86105,0.40396,,,
433.8611,0.40398,,,
433.86115,0.40404,,,
433.8612,0.40384,,,
433.86125,0.404,,,
433.8613,0.40425,,,
433.86135,0.40394,,,
433.8614,0.40388,,,
433.86145,0.40392,,,
433.8615,0.40406,,,
433.86155,0.40402,,,
433.8616,0.40404,,,
433.86165,0.40392,,,
433.8617,0.40398,,,
433.86175,0.4039,,,
433.8618,0.4041,,,
433.86185,0.404,,,
433.8619,0.40413,,,
433.86195,0.40388,,,
433.862,0.40388,,,
433.86205,0.40408,,,
433.8621,0.40402,,,
433.86215,0.40421,,,
433.8622,0.40384,,,
433.86225,0.40398,,,
433.8623,0.40394,,,
433.86235,0.404,,,
433.8624,0.40396,,,
433.86245,0.4039,,,
433.8625,0.40402,,,
433.86255,0.40408,,,
433.8626,0.404,,,
433.86265,0.40417,,,
433.8627,0.40402,,,
433.86275,0.40408,,,
433.8628,0.40392,,,
433.86285,0.40406,,,
433.8629,0.40402,,,
433.86295,0.40404,,,
433.863,0.40388,,,
433.86305,0.40406,,,
433.8631,0.4041,,,
433.86315,0.4039,,,
433.8632,0.40394,,,
433.86325,0.40392,,,
433.8633,0.40396,,,
433.86335,0.40396,,,
433.8634,0.40406,,,
433.86345,0.40382,,,
433.8635,0.40388,,,
433.86355,0.40392,,,
433.8636,0.40404,,,
433.86365,0.4038,,,
433.8637,0.40406,,,
433.86375,0.40417,,,
433.8638,0.40394,,,
433.86385,0.40382,,,
433.8639,0.40386,,,
433.86395,0.40415,,,
433.864,0.40404,,,
433.86405,0.40382,,,
433.8641,0.40386,,,
433.86415,0.40398,,,
433.8642,0.40396,,,
433.86425,0.40402,,,
433.8643,0.40384,,,
433.86435,0.4041,,,
433.8644,0.40392,,,
433.86445,0.40388,,,
433.8645,0.40394,,,
433.86455,0.40398,,,
433.8646,0.4041,,,
433.86465,0.40406,,,
433.8647,0.404,,,
433.86475,0.40396,,,
433.8648,0.40394,,,
433.86485,0.40382,,,
433.8649,0.40404,,,
433.86495,0.40392,,,
433.865,0.4039,,,
433.86505,0.4041,,,
433.8651,0.40388,,,
433.86515,0.4041,,,
433.8652,0.40394,,,
433.86525,0.40388,,,
433.8653,0.4041,,,
433.86535,0.40404,,,
433.8654,0.40394,,,
433.86545,0.40378,,,
433.8655,0.40404,,,
433.86555,0.40392,,,
433.8656,0.40384,,,
433.86565,0.40388,,,
433.8657,0.40394,,,
433.86575,0.40402,,,
433.8658,0.40404,,,
433.86585,0.40392,,,
433.8659,0.40419,,,
433.86595,0.404,,,
433.866,0.4039,,,
433.86605,0.4039,,,
433.8661,0.40384,,,
433.86615,0.40415,,,
433.8662,0.40406,,,
433.86625,0.40398,,,
433.8663,0.40404,,,
433.86635,0.40402,,,
433.8664,0.40398,,,
433.86645,0.40402,,,
433.8665,0.40394,,,
433.86655,0.40408,,,
433.8666,0.404,,,
433.86665,0.40402,,,
433.8667,0.40394,,,
433.86675,0.40417,,,
433.8668,0.40404,,,
433.86685,0.40415,,,
433.8669,0.40392,,,
433.86695,0.40394,,,
433.867,0.404,,,
433.86705,0.40388,,,
433.8671,0.40386,,,
433.86715,0.40408,,,
433.8672,0.40408,,,
433.86725,0.40404,,,
433.8673,0.4039,,,
433.86735,0.40394,,,
433.8674,0.40392,,,
